Employee_Name,EmpID,MarriedID,MaritalStatusID,GenderID,EmpStatusID,DeptID,PerfScoreID,FromDiversityJobFairID,Salary,Termd,PositionID,Position,State,Zip,DOB,Sex,MaritalDesc,CitizenDesc,HispanicLatino,RaceDesc,DateofHire,DateofTermination,TermReason,EmploymentStatus,Department,ManagerName,ManagerID,RecruitmentSource,PerformanceScore,EngagementSurvey,EmpSatisfaction,SpecialProjectsCount,LastPerformanceReview_Date,DaysLateLast30,Absences,Monthly_Salary,Age
"Candie, Calvin",10001,0,0,1,1,5,4,0,72640.00,0,18,Production Manager,MA,02169,1983-08-09,M,Single,US Citizen,No,White,2016-01-28,NULL,N/A-StillEmployed,Active,"Production       ",Janet King,2,Indeed,Exceeds,5,3,0,2019-02-22,0,14,6053.33,41
"Anderson, Linda  ",10002,0,0,0,1,5,4,0,57568.00,0,19,Production Technician I,MA,01844,1977-05-22,F,Single,US Citizen,No,White,2012-01-09,NULL,N/A-StillEmployed,Active,"Production       ",Amy Dunn,11,LinkedIn,Exceeds,5,5,0,2019-01-07,0,15,4797.33,47
"Billis, Helen",10003,1,1,0,1,5,4,0,62910.00,0,19,Production Technician I,MA,02031,1989-09-01,F,Married,US Citizen,No,White,2014-07-07,NULL,N/A-StillEmployed,Active,"Production       ",Brannon Miller,12,Indeed,Exceeds,5,3,0,2019-02-27,0,19,5242.50,35
"Lynch, Lindsay",10004,0,0,0,5,5,4,1,47434.00,1,19,Production Technician I,MA,01844,1973-02-14,F,Single,US Citizen,Yes,Black or African American,2011-11-07,2015-11-14,Another position,Voluntarily Terminated,"Production       ",Webster Butler,39,Diversity Job Fair,Exceeds,5,4,0,2015-02-02,0,17,3952.83,51
"Patronick, Lucas",10005,0,0,1,5,4,4,1,108987.00,1,24,Software Engineer,MA,01844,1979-02-20,M,Single,US Citizen,No,Black or African American,2011-11-07,2015-09-07,Another position,Voluntarily Terminated,Software Engineering,Alex Sweetwater,10,Diversity Job Fair,Exceeds,5,5,3,2015-08-16,0,13,9082.25,45
"Driver, Elle",10006,0,0,0,1,6,4,0,74241.00,0,3,Area Sales Manager,CA,90007,1988-11-08,F,Single,US Citizen,No,White,2011-01-10,NULL,N/A-StillEmployed,Active,Sales,Lynn Daneault,21,Indeed,Exceeds,4.77,5,0,2019-01-27,0,14,6186.75,36
"Harrison, Kara",10007,1,1,0,1,5,4,0,62065.00,0,19,Production Technician I,MA,01886,1974-05-02,F,Married,US Citizen,No,White,2014-05-12,NULL,N/A-StillEmployed,Active,"Production       ",Amy Dunn,11,CareerBuilder,Exceeds,4.76,4,0,2019-02-15,0,5,5172.08,50
"Lindsay, Leonara ",10008,0,0,0,1,3,4,1,51777.00,0,14,IT Support,CT,06070,1988-10-05,F,Single,US Citizen,Yes,Black or African American,2011-01-21,NULL,N/A-StillEmployed,Active,IT/IS,Eric Dougall,6,Diversity Job Fair,Exceeds,4.64,4,5,2019-01-25,0,14,4314.75,36
"Jeannite, Tayana",10009,0,2,0,1,5,4,0,60724.00,0,20,Production Technician II,MA,01821,1986-11-06,F,Divorced,US Citizen,No,American Indian or Alaska Native,2011-07-05,NULL,N/A-StillEmployed,Active,"Production       ",Ketsia Liebig,19,LinkedIn,Exceeds,4.6,4,0,2019-02-25,0,11,5060.33,38
"Zamora, Jennifer",10010,0,0,0,1,3,4,0,220450.00,0,6,CIO,MA,02067,1979-08-30,F,Single,US Citizen,No,White,2010-04-10,NULL,N/A-StillEmployed,Active,IT/IS,Janet King,2,Employee Referral,Exceeds,4.6,5,6,2019-02-21,0,16,18370.83,45
"Rivera, Haley  ",10011,1,1,0,1,5,4,0,46738.00,0,19,Production Technician I,MA,02171,1973-01-12,F,Married,US Citizen,No,Asian,2011-11-28,NULL,N/A-StillEmployed,Active,"Production       ",Webster Butler,NULL,Google Search,Exceeds,4.36,5,0,2019-02-11,0,16,3894.83,51
"Barbossa, Hector",10012,0,2,1,1,3,4,1,92328.00,0,9,Data Analyst,TX,78230,1988-07-04,M,Divorced,US Citizen,No,Black or African American,2014-11-10,NULL,N/A-StillEmployed,Active,IT/IS,Simon Roup,4,Diversity Job Fair,Exceeds,4.28,4,5,2019-02-25,0,9,7694.00,36
"Torrence, Jack",10013,0,3,1,1,6,4,0,64397.00,0,3,Area Sales Manager,ND,58782,1968-01-15,M,Separated,US Citizen,No,White,2006-01-09,NULL,N/A-StillEmployed,Active,Sales,Lynn Daneault,21,Indeed,Exceeds,4.1,3,0,2019-01-04,0,6,5366.42,56
"Veera, Abdellah ",10014,0,2,1,5,5,4,0,58523.00,1,19,Production Technician I,MA,02171,1987-01-31,M,Divorced,US Citizen,No,White,2012-08-13,2016-02-05,maternity leave - did not return,Voluntarily Terminated,"Production       ",Kissy Sullivan,20,LinkedIn,Exceeds,4.5,5,0,2016-02-01,0,15,4876.92,37
"Foss, Jason",10015,0,0,1,1,3,4,0,178000.00,0,12,IT Director,MA,01460,1980-07-05,M,Single,US Citizen,No,Black or African American,2011-04-15,NULL,N/A-StillEmployed,Active,IT/IS,Jennifer Zamora,5,Indeed,Exceeds,5,5,5,2019-01-07,0,15,14833.33,44
"Petrowsky, Thelma",10016,1,1,0,1,3,4,0,93554.00,0,9,Data Analyst,MA,01886,1984-09-16,F,Married,US Citizen,No,Black or African American,2014-11-10,NULL,N/A-StillEmployed,Active,IT/IS,Simon Roup,4,Employee Referral,Exceeds,4.6,5,7,2019-01-04,0,16,7796.17,40
"Liebig, Ketsia",10017,1,1,0,1,5,4,0,77915.00,0,18,Production Manager,MA,02110,1981-10-26,F,Married,US Citizen,No,White,2013-09-30,NULL,N/A-StillEmployed,Active,"Production       ",Janet King,2,Website,Exceeds,4.1,3,0,2019-01-21,0,11,6492.92,43
"Girifalco, Evelyn",10018,0,0,0,1,5,4,0,57815.00,0,19,Production Technician I,MA,02451,1980-05-08,F,Single,US Citizen,Yes,Two or more races,2014-09-29,NULL,N/A-StillEmployed,Active,"Production       ",Amy Dunn,11,Indeed,Exceeds,3.9,4,0,2019-02-07,0,3,4817.92,44
"Corleone, Vito",10019,0,0,1,1,5,4,0,170500.00,0,10,Director of Operations,MA,02030,1983-03-19,M,Single,US Citizen,No,Black or African American,2009-01-05,NULL,N/A-StillEmployed,Active,"Production       ",Janet King,2,Indeed,Exceeds,3.7,5,0,2019-02-04,0,15,14208.33,41
"Robinson, Elias",10020,0,4,1,1,5,4,0,63353.00,0,19,Production Technician I,MA,01730,1985-01-28,M,Widowed,US Citizen,No,White,2013-07-08,NULL,N/A-StillEmployed,Active,"Production       ",Brannon Miller,12,Employee Referral,Exceeds,3.6,5,0,2019-02-11,0,4,5279.42,39
"Osturnka, Adeel",10021,1,1,1,1,5,4,0,47414.00,0,19,Production Technician I,MA,02478,1976-12-11,M,Married,US Citizen,No,White,2013-09-30,NULL,N/A-StillEmployed,Active,"Production       ",Kelley Spirea,18,LinkedIn,Exceeds,5,3,0,2019-02-07,0,13,3951.17,48
"Volk, Colleen",10022,1,1,0,4,5,4,0,49773.00,1,19,Production Technician I,MA,02747,1986-06-03,F,Married,US Citizen,No,White,2011-09-26,2016-02-08,gross misconduct,Terminated for Cause,"Production       ",Kelley Spirea,18,Google Search,Exceeds,4.3,5,0,2015-02-01,0,18,4147.75,38
"Beak, Kimberly  ",10023,1,1,0,2,5,4,0,70131.00,0,20,Production Technician II,MA,02145,1966-04-17,F,Married,US Citizen,No,White,2016-07-21,NULL,N/A-StillEmployed,Active,"Production       ",Kelley Spirea,18,Employee Referral,Exceeds,4.4,3,0,2019-01-14,0,16,5844.25,58
"Szabo, Andrew",10024,0,0,1,1,4,4,0,92989.00,0,24,Software Engineer,MA,02140,1983-05-06,M,Single,US Citizen,No,White,2014-07-07,NULL,N/A-StillEmployed,Active,Software Engineering,Alex Sweetwater,10,LinkedIn,Exceeds,4.5,5,5,2019-02-18,0,1,7749.08,41
"Monterro, Luisa",10025,0,0,0,1,5,4,0,72460.00,0,20,Production Technician II,MA,02126,1970-04-24,F,Single,US Citizen,No,Black or African American,2013-05-13,NULL,N/A-StillEmployed,Active,"Production       ",Kissy Sullivan,20,Indeed,Exceeds,4.7,3,0,2019-01-14,0,1,6038.33,54
"Adinolfi, Wilson  K",10026,0,0,1,1,5,4,0,62506.00,0,19,Production Technician I,MA,01960,1983-07-10,M,Single,US Citizen,No,White,2011-07-05,NULL,N/A-StillEmployed,Active,"Production       ",Michael Albert,22,LinkedIn,Exceeds,4.6,5,0,2019-01-17,0,1,5208.83,41
"Smith, Joe",10027,0,0,1,1,5,4,0,60656.00,0,20,Production Technician II,MA,02045,1963-10-30,M,Single,US Citizen,No,White,2014-09-29,NULL,N/A-StillEmployed,Active,"Production       ",Elijiah Gray,16,Indeed,Exceeds,4.3,3,0,2019-01-28,0,4,5054.67,61
"Dougall, Eric",10028,0,0,1,1,3,4,0,138888.00,0,13,IT Manager - Support,MA,01886,1970-07-09,M,Single,US Citizen,No,Black or African American,2014-01-05,NULL,N/A-StillEmployed,Active,IT/IS,Jennifer Zamora,5,Indeed,Exceeds,4.3,5,5,2019-01-04,0,4,11574.00,54
"Clukey, Elijian",10029,1,1,1,2,5,4,0,50373.00,0,19,Production Technician I,MA,02134,1980-08-26,M,Married,US Citizen,No,White,2016-07-06,NULL,N/A-StillEmployed,Active,"Production       ",Brannon Miller,12,Employee Referral,Exceeds,4.1,4,0,2019-02-28,0,5,4197.75,44
"Squatrito, Kristen",10030,0,2,0,5,5,4,0,62425.00,1,19,Production Technician I,MA,02359,1973-03-26,F,Divorced,US Citizen,No,White,2013-05-13,2015-06-29,unhappy,Voluntarily Terminated,"Production       ",David Stanley,14,LinkedIn,Exceeds,4.1,4,0,2015-03-02,0,16,5202.08,51
"Gonzalez, Cayo",10031,0,2,1,1,5,4,1,59892.00,0,19,Production Technician I,MA,02108,1969-09-29,M,Divorced,US Citizen,No,Black or African American,2011-07-11,NULL,N/A-StillEmployed,Active,"Production       ",Brannon Miller,12,Diversity Job Fair,Exceeds,4.5,4,0,2019-02-18,0,1,4991.00,55
"Peters, Lauren",10032,1,1,0,5,5,4,0,57954.00,1,20,Production Technician II,MA,01886,1986-08-17,F,Married,US Citizen,No,White,2011-05-16,2013-02-04,more money,Voluntarily Terminated,"Production       ",Ketsia Liebig,19,Indeed,Exceeds,4.2,5,0,2013-01-10,0,12,4829.50,38
"Winthrop, Jordan  ",10033,0,0,1,5,5,4,0,70507.00,1,20,Production Technician II,MA,02045,1958-11-07,M,Single,US Citizen,No,White,2013-01-07,2016-02-21,retiring,Voluntarily Terminated,"Production       ",Brannon Miller,12,LinkedIn,Exceeds,5,3,0,2016-01-19,0,7,5875.58,66
"Johnson, George",10034,1,1,1,5,5,4,0,46837.00,1,19,Production Technician I,MA,02445,1959-08-19,M,Married,US Citizen,No,White,2011-11-07,2018-04-29,more money,Voluntarily Terminated,"Production       ",Michael Albert,22,CareerBuilder,Exceeds,4.7,4,0,2018-02-14,0,9,3903.08,65
"Lunquist, Lisa",10035,0,0,0,1,5,4,0,73330.00,0,20,Production Technician II,MA,02324,1982-03-28,F,Single,US Citizen,No,Black or African American,2013-08-19,NULL,N/A-StillEmployed,Active,"Production       ",Elijiah Gray,16,Indeed,Exceeds,4.2,4,0,2019-02-12,0,19,6110.83,42
"Johnston, Yen",10036,0,0,0,1,5,4,0,63322.00,0,20,Production Technician II,MA,02128,1969-09-08,F,Single,US Citizen,No,White,2014-07-07,NULL,N/A-StillEmployed,Active,"Production       ",Brannon Miller,12,LinkedIn,Exceeds,4.3,3,0,2019-01-11,0,1,5276.83,55
"Ngodup, Shari ",10037,0,3,0,1,5,4,1,52984.00,0,19,Production Technician I,MA,01810,1967-06-03,F,Separated,US Citizen,No,Black or African American,2013-04-01,NULL,N/A-StillEmployed,Active,"Production       ",Brannon Miller,12,Diversity Job Fair,Exceeds,4,3,0,2019-02-13,0,12,4415.33,57
"LaRotonda, William  ",10038,0,2,1,1,1,3,0,64520.00,0,1,Accountant I,MA,01460,1984-04-26,M,Divorced,US Citizen,No,Black or African American,2014-01-06,NULL,N/A-StillEmployed,Active,Admin Offices,Brandon R. LeBlanc,1,Website,Fully Meets,5,4,4,2019-01-17,0,3,5376.67,40
"Singh, Nan ",10039,0,0,0,1,1,3,0,51920.00,0,2,Administrative Assistant,MA,02330,1988-05-19,F,Single,US Citizen,No,White,2015-05-01,NULL,N/A-StillEmployed,Active,Admin Offices,Brandon R. LeBlanc,1,Website,Fully Meets,5,3,5,2019-01-15,0,2,4326.67,36
"Carter, Michelle ",10040,0,0,0,1,6,3,0,71860.00,0,3,Area Sales Manager,VT,05664,1963-05-15,F,Single,US Citizen,No,White,2014-08-18,NULL,N/A-StillEmployed,Active,Sales,John Smith,17,Indeed,Fully Meets,5,5,0,2019-01-21,0,7,5988.33,61
"Ozark, Travis",10041,0,0,1,1,6,3,0,68829.00,0,3,Area Sales Manager,NC,27229,1982-05-19,M,Single,US Citizen,No,White,2015-01-05,NULL,N/A-StillEmployed,Active,Sales,John Smith,17,Website,Fully Meets,5,5,0,2019-01-14,0,18,5735.75,42
"Nguyen, Dheepa",10042,0,0,0,1,6,3,0,63695.00,0,3,Area Sales Manager,GA,30428,1989-03-31,F,Single,US Citizen,No,Two or more races,2013-07-08,NULL,N/A-StillEmployed,Active,Sales,Lynn Daneault,21,Indeed,Fully Meets,5,5,0,2019-01-25,0,2,5307.92,35
"Zhou, Julia",10043,0,0,0,1,3,3,0,89292.00,0,9,Data Analyst,MA,02148,1979-02-24,F,Single,US Citizen,No,White,2015-03-30,NULL,N/A-StillEmployed,Active,IT/IS,Simon Roup,4,Employee Referral,Fully Meets,5,3,5,2019-02-01,0,11,7441.00,45
"Tredinnick, Neville ",10044,1,1,1,5,3,3,0,75281.00,1,15,Network Engineer,MA,01420,1988-05-05,M,Married,US Citizen,No,White,2015-01-05,2016-02-12,medical issues,Voluntarily Terminated,IT/IS,Peter Monroe,7,CareerBuilder,Fully Meets,5,3,5,2015-04-15,0,11,6273.42,36
"Turpin, Jumil",10045,1,1,1,1,3,3,0,76029.00,0,15,Network Engineer,MA,02343,1969-03-31,M,Married,Eligible NonCitizen,No,White,2015-03-30,NULL,N/A-StillEmployed,Active,IT/IS,Peter Monroe,7,Employee Referral,Fully Meets,5,4,7,2019-01-14,0,8,6335.75,55
"Bernstein, Sean",10046,0,0,1,1,5,3,0,51044.00,0,19,Production Technician I,MA,02072,1970-12-22,M,Single,US Citizen,Yes,White,2012-04-02,NULL,N/A-StillEmployed,Active,"Production       ",Amy Dunn,11,Google Search,Fully Meets,5,3,0,2019-01-14,0,13,4253.67,54
"Robinson, Alain  ",10047,1,1,1,5,5,3,0,50428.00,1,19,Production Technician I,MA,01420,1974-01-07,M,Married,US Citizen,No,Black or African American,2011-01-10,2016-01-26,attendance,Voluntarily Terminated,"Production       ",Amy Dunn,11,Indeed,Fully Meets,5,3,0,2015-01-10,0,11,4202.33,50
"Wilber, Barry",10048,1,1,1,5,5,3,0,55140.00,1,19,Production Technician I,MA,02324,1965-09-09,M,Married,Eligible NonCitizen,No,White,2011-05-16,2015-09-07,unhappy,Voluntarily Terminated,"Production       ",Amy Dunn,11,Website,Fully Meets,5,3,0,2015-02-15,0,7,4595.00,59
"Fidelia,  Libby",10049,1,1,0,1,5,3,0,58530.00,0,19,Production Technician I,MA,02155,1981-03-16,F,Married,US Citizen,No,White,2012-01-09,NULL,N/A-StillEmployed,Active,"Production       ",Brannon Miller,12,Google Search,Fully Meets,5,5,0,2019-01-29,0,19,4877.50,43
"Pham, Hong",10050,1,1,1,5,5,3,0,64724.00,1,19,Production Technician I,MA,02451,1988-03-06,M,Married,US Citizen,No,Asian,2011-07-05,2012-11-30,more money,Voluntarily Terminated,"Production       ",Brannon Miller,12,Google Search,Fully Meets,5,3,0,2012-02-20,0,13,5393.67,36
"Gordon, David",10051,1,1,1,1,5,3,0,48285.00,0,19,Production Technician I,MA,02169,1979-05-21,M,Married,US Citizen,No,White,2012-07-02,NULL,N/A-StillEmployed,Active,"Production       ",David Stanley,14,LinkedIn,Fully Meets,5,3,0,2019-01-14,0,2,4023.75,45
"Langton, Enrico",10052,1,1,1,1,5,3,0,46120.00,0,19,Production Technician I,MA,02048,1986-12-09,M,Married,US Citizen,No,White,2012-07-09,NULL,N/A-StillEmployed,Active,"Production       ",David Stanley,14,LinkedIn,Fully Meets,5,5,0,2019-02-04,0,13,3843.33,38
"Maurice, Shana",10053,1,1,0,1,5,3,0,54132.00,0,19,Production Technician I,MA,02330,1977-11-22,F,Married,US Citizen,No,White,2011-05-31,NULL,N/A-StillEmployed,Active,"Production       ",David Stanley,14,Indeed,Fully Meets,5,4,0,2019-01-10,0,8,4511.00,47
"Rose, Ashley  ",10054,0,3,0,1,5,3,0,60627.00,0,19,Production Technician I,MA,01886,1974-12-05,F,Separated,US Citizen,No,White,2014-01-06,NULL,N/A-StillEmployed,Active,"Production       ",David Stanley,14,Website,Fully Meets,5,4,0,2019-01-31,0,8,5052.25,50
"Beatrice, Courtney ",10055,0,0,0,1,5,3,0,59026.00,0,19,Production Technician I,MA,01915,1970-10-27,F,Single,Eligible NonCitizen,No,White,2011-04-04,NULL,N/A-StillEmployed,Active,"Production       ",Elijiah Gray,16,Google Search,Fully Meets,5,5,0,2019-01-14,0,12,4918.83,54
"Darson, Jene'ya ",10056,1,1,0,1,5,3,0,57583.00,0,19,Production Technician I,MA,02110,1978-11-05,F,Married,US Citizen,No,White,2012-07-02,NULL,N/A-StillEmployed,Active,"Production       ",Elijiah Gray,16,Indeed,Fully Meets,5,3,0,2019-02-25,0,1,4798.58,46
"Lydon, Allison",10057,1,1,0,3,5,3,0,52057.00,0,19,Production Technician I,MA,02122,1975-10-22,F,Married,US Citizen,No,Black or African American,2015-02-16,NULL,N/A-StillEmployed,Active,"Production       ",Elijiah Gray,16,Website,Fully Meets,5,3,0,2019-01-23,0,6,4338.08,49
"Rhoads, Thomas",10058,0,2,1,5,5,3,0,45115.00,1,19,Production Technician I,MA,02176,1982-07-22,M,Divorced,US Citizen,Yes,White,2011-05-16,2016-01-15,retiring,Voluntarily Terminated,"Production       ",Elijiah Gray,16,LinkedIn,Fully Meets,5,4,0,2015-03-30,0,11,3759.58,42
"Gross, Paula",10059,0,2,0,5,5,3,0,63813.00,1,19,Production Technician I,MA,02176,1983-05-21,F,Divorced,US Citizen,No,White,2011-02-21,2014-01-11,more money,Voluntarily Terminated,"Production       ",Kelley Spirea,18,CareerBuilder,Fully Meets,5,5,0,2013-06-03,0,17,5317.75,41
"Jhaveri, Sneha  ",10060,0,3,0,1,5,3,0,60436.00,0,19,Production Technician I,MA,02109,1964-04-13,F,Separated,US Citizen,No,White,2014-01-06,NULL,N/A-StillEmployed,Active,"Production       ",Kelley Spirea,18,LinkedIn,Fully Meets,5,5,0,2019-01-21,0,9,5036.33,60
"Bates, Norman",10061,0,0,1,4,5,3,0,57834.00,1,19,Production Technician I,MA,02050,1981-10-18,M,Single,US Citizen,No,White,2011-02-21,2017-08-04,attendance,Terminated for Cause,"Production       ",Kelley Spirea,18,Google Search,Fully Meets,5,4,0,2017-04-05,0,20,4819.50,43
"Athwal, Sam",10062,0,4,1,1,5,3,0,59365.00,0,19,Production Technician I,MA,02199,1983-02-18,M,Widowed,US Citizen,No,White,2013-09-30,NULL,N/A-StillEmployed,Active,"Production       ",Ketsia Liebig,19,Employee Referral,Fully Meets,5,4,0,2019-02-25,0,19,4947.08,41
"Newman, Richard ",10063,1,1,1,3,5,3,0,48495.00,0,19,Production Technician I,MA,02136,1977-04-08,M,Married,US Citizen,No,White,2014-05-12,NULL,N/A-StillEmployed,Active,"Production       ",Ketsia Liebig,19,LinkedIn,Fully Meets,5,5,0,2019-02-18,0,11,4041.25,47
"Eaton, Marianne",10064,1,1,0,5,5,3,0,60070.00,1,19,Production Technician I,MA,02343,1991-09-05,F,Married,US Citizen,No,White,2011-04-04,2017-06-06,military,Voluntarily Terminated,"Production       ",Kissy Sullivan,20,Google Search,Fully Meets,5,3,0,2017-04-09,0,7,5005.83,33
"Rossetti, Bruno",10065,0,0,1,5,5,3,0,53180.00,1,19,Production Technician I,MA,02155,1987-03-18,M,Single,US Citizen,No,White,2011-04-04,2018-08-13,Another position,Voluntarily Terminated,"Production       ",Kissy Sullivan,20,Google Search,Fully Meets,5,5,0,2018-07-02,0,4,4431.67,37
"Barton, Nader",10066,0,2,1,5,5,3,0,52505.00,1,19,Production Technician I,MA,02747,1977-07-15,M,Divorced,US Citizen,No,White,2012-09-24,2017-04-06,Another position,Voluntarily Terminated,"Production       ",Michael Albert,22,On-line Web application,Fully Meets,5,5,0,2017-03-02,0,1,4375.42,47
"Chace, Beatrice ",10067,0,0,0,1,5,3,0,61656.00,0,19,Production Technician I,MA,02763,1951-01-02,F,Single,US Citizen,No,White,2014-09-29,NULL,N/A-StillEmployed,Active,"Production       ",Michael Albert,22,Google Search,Fully Meets,5,4,0,2019-02-12,0,11,5138.00,73
"Medeiros, Jennifer",10068,0,0,0,1,5,3,0,55688.00,0,19,Production Technician I,MA,02346,1976-09-22,F,Single,US Citizen,No,White,2015-03-30,NULL,N/A-StillEmployed,Active,"Production       ",Michael Albert,22,CareerBuilder,Fully Meets,5,4,0,2019-01-21,0,10,4640.67,48
"Anderson, Carol ",10069,0,2,0,5,5,3,0,50825.00,1,19,Production Technician I,MA,02169,1989-09-08,F,Divorced,US Citizen,No,White,2011-07-11,2016-09-06,return to school,Voluntarily Terminated,"Production       ",Webster Butler,39,Google Search,Fully Meets,5,4,0,2016-02-01,0,2,4235.42,35
"DeGweck,  James",10070,1,1,1,5,5,3,0,55722.00,1,19,Production Technician I,MA,01810,1977-10-31,M,Married,US Citizen,No,White,2011-05-16,2016-06-08,unhappy,Voluntarily Terminated,"Production       ",Webster Butler,39,Indeed,Fully Meets,5,4,0,2016-04-02,0,14,4643.50,47
"Sewkumar, Nori",10071,0,0,0,3,5,3,0,50923.00,0,19,Production Technician I,MA,02191,1975-03-10,F,Single,US Citizen,No,Asian,2013-09-30,NULL,N/A-StillEmployed,Active,"Production       ",Webster Butler,NULL,Google Search,Fully Meets,5,5,0,2019-02-06,0,14,4243.58,49
"Whittier, Scott",10072,0,0,1,5,5,3,0,58371.00,1,19,Production Technician I,MA,02030,1987-05-24,M,Single,US Citizen,Yes,White,2011-01-10,2014-05-15,hours,Voluntarily Terminated,"Production       ",Webster Butler,39,LinkedIn,Fully Meets,5,5,0,2014-05-15,0,11,4864.25,37
"Mancuso, Karen",10073,1,1,0,5,5,3,0,68407.00,1,20,Production Technician II,MA,02176,1986-12-10,F,Married,US Citizen,No,Two or more races,2011-07-05,2012-08-19,Another position,Voluntarily Terminated,"Production       ",Amy Dunn,11,LinkedIn,Fully Meets,5,4,0,2012-07-02,0,16,5700.58,38
"Hankard, Earnest",10074,0,0,1,1,5,3,0,64246.00,0,20,Production Technician II,MA,02155,1988-08-10,M,Single,US Citizen,Yes,White,2013-11-11,NULL,N/A-StillEmployed,Active,"Production       ",Kelley Spirea,18,LinkedIn,Fully Meets,5,3,0,2019-01-08,0,20,5353.83,36
"Hendrickson, Trina",10075,0,0,0,5,5,3,0,68099.00,1,20,Production Technician II,MA,02021,1972-08-27,F,Single,US Citizen,No,White,2011-01-10,2013-06-18,hours,Voluntarily Terminated,"Production       ",Kelley Spirea,18,CareerBuilder,Fully Meets,5,3,0,2013-01-30,0,15,5674.92,52
"Carthy, B'rigit",10076,0,0,0,1,5,3,0,55315.00,0,20,Production Technician II,MA,02149,1987-05-21,F,Single,US Citizen,No,Black or African American,2015-03-30,NULL,N/A-StillEmployed,Active,"Production       ",Ketsia Liebig,19,LinkedIn,Fully Meets,5,5,0,2019-02-07,0,16,4609.58,37
"Manchester, Robyn",10077,1,1,0,2,5,3,0,62385.00,0,20,Production Technician II,MA,02324,1976-08-25,F,Married,US Citizen,No,White,2016-05-11,NULL,N/A-StillEmployed,Active,"Production       ",Webster Butler,NULL,LinkedIn,Fully Meets,5,3,0,2019-01-21,0,4,5198.75,48
"Oliver, Brooke ",10078,1,1,0,5,5,3,0,71966.00,1,20,Production Technician II,MA,02492,1952-02-11,F,Married,US Citizen,No,Asian,2012-05-14,2013-08-19,unhappy,Voluntarily Terminated,"Production       ",Webster Butler,39,LinkedIn,Fully Meets,5,3,0,2013-07-02,0,17,5997.17,72
"Navathe, Kurt",10079,0,0,1,1,3,3,0,87921.00,0,22,Senior BI Developer,MA,02056,1970-04-25,M,Single,US Citizen,No,Asian,2017-02-10,NULL,N/A-StillEmployed,Active,IT/IS,Brian Champaigne,13,Indeed,Fully Meets,5,3,6,2019-02-25,0,17,7326.75,54
"Foster-Baker, Amy",10080,1,1,0,1,1,3,0,99351.00,0,26,Sr. Accountant,MA,02050,1979-04-16,F,Married,US Citizen,no,White,2009-01-05,NULL,N/A-StillEmployed,Active,Admin Offices,Board of Directors,9,Other,Fully Meets,5,3,2,2019-02-08,0,3,8279.25,45
"Boutwell, Bonalyn",10081,1,1,0,1,1,3,1,106367.00,0,26,Sr. Accountant,MA,02468,1987-04-04,F,Married,US Citizen,No,Black or African American,2015-02-16,NULL,N/A-StillEmployed,Active,Admin Offices,Brandon R. LeBlanc,3,Diversity Job Fair,Fully Meets,5,4,3,2019-02-18,0,4,8863.92,37
"Carr, Claudia  N",10082,0,0,0,2,3,3,0,100031.00,0,27,Sr. DBA,MA,01886,1986-06-06,F,Single,US Citizen,No,Black or African American,2016-06-30,NULL,N/A-StillEmployed,Active,IT/IS,Simon Roup,4,LinkedIn,Fully Meets,5,5,6,2019-02-18,0,7,8335.92,38
"Cross, Noah",10083,0,0,1,1,3,3,0,92329.00,0,28,Sr. Network Engineer,CT,06278,1965-09-09,M,Single,US Citizen,No,White,2014-11-10,NULL,N/A-StillEmployed,Active,IT/IS,Peter Monroe,7,Employee Referral,Fully Meets,5,3,4,2019-01-02,0,5,7694.08,59
"Ait Sidi, Karthikeyan   ",10084,1,1,1,5,3,3,0,104437.00,1,27,Sr. DBA,MA,02148,1975-05-05,M,Married,US Citizen,No,White,2015-03-30,2016-06-16,career change,Voluntarily Terminated,IT/IS,Simon Roup,4,Indeed,Fully Meets,4.96,3,6,2016-02-24,0,17,8703.08,49
"Carabbio, Judith",10085,0,0,0,1,4,3,0,93396.00,0,24,Software Engineer,MA,02132,1987-04-05,F,Single,US Citizen,No,White,2013-11-11,NULL,N/A-StillEmployed,Active,Software Engineering,Alex Sweetwater,10,Indeed,Fully Meets,4.96,4,6,2019-01-30,0,3,7783.00,37
"Roper, Katie",10086,0,0,0,1,3,3,0,150290.00,0,7,Data Architect,MA,02056,1972-11-21,F,Single,US Citizen,No,Black or African American,2017-01-07,NULL,N/A-StillEmployed,Active,IT/IS,Brian Champaigne,13,Indeed,Fully Meets,4.94,3,5,2019-02-06,0,17,12524.17,52
"Leach, Dallas",10087,0,0,0,5,5,3,0,63676.00,1,19,Production Technician I,MA,01810,1979-01-17,F,Single,US Citizen,No,Asian,2011-09-26,2018-08-19,return to school,Voluntarily Terminated,"Production       ",Kissy Sullivan,20,CareerBuilder,Fully Meets,4.88,3,0,2017-07-02,0,17,5306.33,45
"Alagbe,Trina",10088,1,1,0,1,5,3,0,64991.00,0,19,Production Technician I,MA,01886,1988-09-27,F,Married,US Citizen,No,White,2008-01-07,NULL,N/A-StillEmployed,Active,"Production       ",Elijiah Gray,16,Indeed,Fully Meets,4.84,5,0,2019-01-03,0,15,5415.92,36
"King, Janet",10089,1,1,0,1,2,3,0,250000.00,0,16,President & CEO,MA,01902,1954-09-21,F,Married,US Citizen,Yes,White,2012-07-02,NULL,N/A-StillEmployed,Active,Executive Office,Board of Directors,9,Indeed,Fully Meets,4.83,3,0,2019-01-17,0,10,20833.33,70
"Spirea, Kelley",10090,1,1,0,1,5,3,0,65714.00,0,18,Production Manager,MA,02451,1975-09-30,F,Married,US Citizen,No,White,2012-10-02,NULL,N/A-StillEmployed,Active,"Production       ",Janet King,2,LinkedIn,Fully Meets,4.83,5,0,2019-02-14,0,15,5476.17,49
"Shields, Seffi",10091,1,1,0,1,5,3,0,52087.00,0,19,Production Technician I,MA,02149,1985-08-24,F,Married,US Citizen,No,White,2013-08-19,NULL,N/A-StillEmployed,Active,"Production       ",Amy Dunn,11,LinkedIn,Fully Meets,4.81,4,0,2019-02-15,0,15,4340.58,39
"Landa, Hans",10092,1,1,1,4,5,3,0,82758.00,1,18,Production Manager,MA,01890,1972-07-01,M,Married,US Citizen,No,White,2011-01-10,2015-12-12,attendance,Terminated for Cause,"Production       ",Janet King,2,Employee Referral,Fully Meets,4.78,4,0,2015-02-15,0,9,6896.50,52
"Fitzpatrick, Michael  J",10093,0,0,1,5,5,3,0,72609.00,1,20,Production Technician II,MA,02143,1981-10-01,M,Single,US Citizen,Yes,White,2011-05-16,2013-06-24,hours,Voluntarily Terminated,"Production       ",Amy Dunn,11,Google Search,Fully Meets,4.76,5,0,2013-04-05,0,20,6050.75,43
"Cornett, Lisa ",10094,1,1,0,1,5,3,0,63381.00,0,19,Production Technician I,MA,02189,1977-03-31,F,Married,US Citizen,Yes,White,2015-01-05,NULL,N/A-StillEmployed,Active,"Production       ",Kelley Spirea,18,Indeed,Fully Meets,4.73,5,0,2019-02-14,0,6,5281.75,47
"Sloan, Constance",10095,0,0,0,5,5,3,0,63878.00,1,20,Production Technician II,MA,01851,1987-11-25,F,Single,US Citizen,No,White,2009-10-26,2015-04-08,maternity leave - did not return,Voluntarily Terminated,"Production       ",Michael Albert,22,CareerBuilder,Fully Meets,4.68,4,0,2015-04-02,0,20,5323.17,37
"Lundy, Susan",10096,0,4,0,5,5,3,0,67237.00,1,20,Production Technician II,MA,02122,1976-12-26,F,Widowed,US Citizen,No,White,2013-07-08,2016-09-15,more money,Voluntarily Terminated,"Production       ",Michael Albert,22,LinkedIn,Fully Meets,4.65,4,0,2016-06-10,0,15,5603.08,48
"Harrington, Christie ",10097,0,0,0,5,5,3,0,52177.00,1,19,Production Technician I,MA,02324,1952-08-18,F,Single,US Citizen,No,White,2012-01-09,2015-12-15,retiring,Voluntarily Terminated,"Production       ",Webster Butler,39,CareerBuilder,Fully Meets,4.64,4,0,2015-05-02,0,8,4348.08,72
"Gray, Elijiah  ",10098,0,2,1,1,5,3,0,62957.00,0,18,Production Manager,MA,01752,1981-07-11,M,Divorced,US Citizen,No,White,2015-06-02,NULL,N/A-StillEmployed,Active,"Production       ",Janet King,2,Employee Referral,Fully Meets,4.63,3,0,2019-01-04,0,2,5246.42,43
"Daneault, Lynn",10099,0,0,0,1,6,3,0,65729.00,0,21,Sales Manager,VT,05473,1990-04-19,F,Single,US Citizen,No,White,2014-05-05,NULL,N/A-StillEmployed,Active,Sales,Debra Houlihan,15,Indeed,Fully Meets,4.62,4,0,2019-01-24,0,8,5477.42,34
"Demita, Carla",10100,0,3,0,5,5,3,0,58275.00,1,20,Production Technician II,MA,02343,1951-02-25,F,Separated,US Citizen,No,Black or African American,2011-04-04,2015-11-04,more money,Voluntarily Terminated,"Production       ",Kelley Spirea,18,Google Search,Fully Meets,4.62,5,0,2015-05-06,0,1,4856.25,73
"Gonzalez, Maria",10101,0,3,0,1,3,3,0,61242.00,0,14,IT Support,MA,02472,1981-04-16,F,Separated,US Citizen,Yes,White,2015-01-05,NULL,N/A-StillEmployed,Active,IT/IS,Peter Monroe,7,Employee Referral,Fully Meets,4.61,4,5,2019-01-28,0,11,5103.50,43
"True, Edward",10102,0,0,1,5,4,3,1,100416.00,1,24,Software Engineer,MA,02451,1983-06-14,M,Single,Non-Citizen,No,Black or African American,2013-02-18,2018-04-15,medical issues,Voluntarily Terminated,Software Engineering,Alex Sweetwater,10,Diversity Job Fair,Fully Meets,4.6,3,4,2017-02-12,0,9,8368.00,41
"Leruth, Giovanni",10103,0,3,1,1,6,3,0,70468.00,0,3,Area Sales Manager,UT,84111,1988-12-27,M,Separated,US Citizen,No,Black or African American,2012-04-30,NULL,N/A-StillEmployed,Active,Sales,John Smith,17,Website,Fully Meets,4.53,3,0,2019-01-29,0,16,5872.33,36
"Nowlan, Kristie",10104,0,0,0,1,5,3,0,66738.00,0,20,Production Technician II,MA,01040,1985-11-23,F,Single,US Citizen,No,White,2014-11-10,NULL,N/A-StillEmployed,Active,"Production       ",Elijiah Gray,16,Indeed,Fully Meets,4.53,5,0,2019-01-16,0,5,5561.50,39
"Dunn, Amy  ",10105,0,0,0,1,5,3,0,75188.00,0,18,Production Manager,MA,01731,1973-11-28,F,Single,US Citizen,No,White,2014-09-18,NULL,N/A-StillEmployed,Active,"Production       ",Janet King,2,Google Search,Fully Meets,4.52,4,0,2019-01-15,0,4,6265.67,51
"Langford, Lindsey",10106,0,2,0,5,5,3,0,66074.00,1,20,Production Technician II,MA,02090,1979-07-25,F,Divorced,US Citizen,No,Asian,2013-01-07,2014-03-31,Another position,Voluntarily Terminated,"Production       ",David Stanley,14,Indeed,Fully Meets,4.52,3,0,2014-02-20,0,20,5506.17,45
"Burke, Joelle",10107,0,0,0,1,5,3,0,63763.00,0,20,Production Technician II,MA,02148,1980-03-02,F,Single,US Citizen,No,Black or African American,2012-03-05,NULL,N/A-StillEmployed,Active,"Production       ",Amy Dunn,11,Employee Referral,Fully Meets,4.51,4,0,2019-02-21,0,3,5313.58,44
"Champaigne, Brian",10108,1,1,1,1,3,3,0,110929.00,0,5,BI Director,MA,02045,1972-02-09,M,Married,US Citizen,No,White,2016-09-06,NULL,N/A-StillEmployed,Active,IT/IS,Jennifer Zamora,5,Indeed,Fully Meets,4.5,5,7,2019-01-15,0,8,9244.08,52
"Guilianno, Mike",10109,0,0,1,5,6,3,0,71707.00,1,3,Area Sales Manager,TN,37129,1969-02-09,M,Single,US Citizen,No,Two or more races,2012-03-07,2014-10-31,relocation out of area,Voluntarily Terminated,Sales,John Smith,17,LinkedIn,Fully Meets,4.5,5,0,2013-02-01,0,20,5975.58,55
"Martin, Sandra",10110,0,0,0,1,4,3,0,105688.00,0,24,Software Engineer,MA,02135,1987-11-07,F,Single,US Citizen,No,Asian,2013-11-11,NULL,N/A-StillEmployed,Active,Software Engineering,Alex Sweetwater,10,Google Search,Fully Meets,4.5,5,4,2019-01-14,0,14,8807.33,37
"Garcia, Raul",10111,0,0,1,1,5,3,0,52249.00,0,19,Production Technician I,MA,01905,1985-09-15,M,Single,US Citizen,Yes,White,2015-03-30,NULL,N/A-StillEmployed,Active,"Production       ",David Stanley,14,Employee Referral,Fully Meets,4.5,3,0,2019-02-18,0,5,4354.08,39
"Horton, Jayne",10112,0,0,0,1,3,3,0,97999.00,0,8,Database Administrator,MA,02493,1984-02-21,F,Single,US Citizen,No,White,2015-03-30,NULL,N/A-StillEmployed,Active,IT/IS,Simon Roup,4,Indeed,Fully Meets,4.48,5,6,2019-01-03,0,4,8166.58,40
"Lajiri,  Jyoti",10113,1,1,1,3,3,3,0,93206.00,0,28,Sr. Network Engineer,MA,02169,1986-04-23,M,Married,US Citizen,No,White,2014-11-10,NULL,N/A-StillEmployed,Active,IT/IS,Peter Monroe,7,Employee Referral,Fully Meets,4.46,5,6,2019-01-07,0,7,7767.17,38
"Bachiochi, Linda",10114,0,0,0,3,5,3,1,47837.00,0,19,Production Technician I,MA,01902,1970-02-11,F,Single,US Citizen,No,Black or African American,2009-07-06,NULL,N/A-StillEmployed,Active,"Production       ",Brannon Miller,12,Diversity Job Fair,Fully Meets,4.46,3,0,2019-01-25,0,4,3986.42,54
"Carey, Michael  ",10115,0,0,1,1,5,3,0,52846.00,0,19,Production Technician I,MA,01701,1983-02-02,M,Single,US Citizen,No,Black or African American,2014-03-31,NULL,N/A-StillEmployed,Active,"Production       ",Kelley Spirea,18,LinkedIn,Fully Meets,4.43,3,0,2019-02-01,0,14,4403.83,41
"Miller, Brannon",10116,0,0,1,1,5,3,0,83667.00,0,18,Production Manager,MA,02045,1981-08-10,M,Single,US Citizen,yes,Hispanic,2012-08-16,NULL,N/A-StillEmployed,Active,"Production       ",Janet King,2,Indeed,Fully Meets,4.37,3,0,2019-01-14,0,2,6972.25,43
"Sullivan, Timothy",10117,1,1,1,1,5,3,0,63025.00,0,19,Production Technician I,MA,02747,1982-10-07,M,Married,US Citizen,Yes,White,2015-01-05,NULL,N/A-StillEmployed,Active,"Production       ",Michael Albert,22,Google Search,Fully Meets,4.36,5,0,2019-01-24,0,10,5252.08,42
"Voldemort, Lord",10118,1,1,1,4,3,3,0,113999.00,1,8,Database Administrator,MA,01960,1986-08-07,M,Married,US Citizen,No,Black or African American,2015-02-16,2017-02-22,"no-call, no-show",Terminated for Cause,IT/IS,Simon Roup,4,Employee Referral,Fully Meets,4.33,3,7,2017-02-15,0,9,9499.92,38
"Soto, Julia ",10119,1,1,0,1,3,3,0,66593.00,0,14,IT Support,MA,02360,1973-03-12,F,Married,US Citizen,No,Black or African American,2011-06-10,NULL,N/A-StillEmployed,Active,IT/IS,Eric Dougall,6,LinkedIn,Fully Meets,4.3,3,5,2019-02-08,0,19,5549.42,51
"Moumanil, Maliki ",10120,0,3,1,1,5,3,0,74417.00,0,20,Production Technician II,MA,01460,1974-12-01,M,Separated,US Citizen,No,Black or African American,2013-05-13,NULL,N/A-StillEmployed,Active,"Production       ",Michael Albert,22,LinkedIn,Fully Meets,4.29,5,0,2019-01-28,0,11,6201.42,50
"Onque, Jasmine",10121,0,0,0,1,6,3,0,63051.00,0,3,Area Sales Manager,FL,33174,1990-05-11,F,Single,US Citizen,Yes,White,2013-09-30,NULL,N/A-StillEmployed,Active,Sales,Lynn Daneault,21,Indeed,Fully Meets,4.28,3,0,2019-01-25,0,1,5254.25,34
"Gerke, Melisa",10122,0,2,0,5,5,3,1,51505.00,1,19,Production Technician I,MA,02330,1970-05-15,F,Divorced,US Citizen,No,Black or African American,2011-11-07,2016-11-15,hours,Voluntarily Terminated,"Production       ",Elijiah Gray,16,Diversity Job Fair,Fully Meets,4.24,4,0,2016-04-29,0,2,4292.08,54
"Tippett, Jeanette",10123,0,2,0,1,5,3,0,56339.00,0,19,Production Technician I,MA,02093,1967-06-05,F,Divorced,US Citizen,No,Black or African American,2013-02-18,NULL,N/A-StillEmployed,Active,"Production       ",Brannon Miller,12,Indeed,Fully Meets,4.21,5,0,2019-01-14,0,4,4694.92,57
"Potts, Xana",10124,1,1,0,1,6,3,0,61844.00,0,3,Area Sales Manager,KY,40220,1988-08-29,F,Married,US Citizen,No,Black or African American,2012-01-09,NULL,N/A-StillEmployed,Active,Sales,Lynn Daneault,21,Website,Fully Meets,4.2,5,0,2019-02-01,0,9,5153.67,36
"Handschiegl, Joanne",10125,1,1,0,1,5,3,0,54828.00,0,19,Production Technician I,MA,02127,1977-03-23,F,Married,US Citizen,No,White,2011-11-28,NULL,N/A-StillEmployed,Active,"Production       ",Michael Albert,22,Google Search,Fully Meets,4.2,4,0,2019-02-22,0,13,4569.00,47
"Saada, Adell",10126,1,1,0,1,4,3,0,86214.00,0,24,Software Engineer,MA,02132,1986-07-24,F,Married,US Citizen,No,White,2012-11-05,NULL,N/A-StillEmployed,Active,Software Engineering,Alex Sweetwater,10,Indeed,Fully Meets,4.2,3,6,2019-02-13,0,2,7184.50,38
"Warfield, Sarah",10127,0,4,0,1,3,3,0,107226.00,0,28,Sr. Network Engineer,MA,02453,1978-05-02,F,Widowed,US Citizen,No,Asian,2015-03-30,NULL,N/A-StillEmployed,Active,IT/IS,Peter Monroe,7,Employee Referral,Fully Meets,4.2,4,8,2019-02-05,0,7,8935.50,46
"Meads, Elizabeth",10128,0,0,0,5,5,3,1,62659.00,1,19,Production Technician I,MA,01760,1968-05-30,F,Single,US Citizen,No,Black or African American,2012-04-02,2016-11-11,Another position,Voluntarily Terminated,"Production       ",Kelley Spirea,18,Diversity Job Fair,Fully Meets,4.18,4,0,2016-02-05,0,17,5221.58,56
"Heitzman, Anthony",10129,0,0,1,1,5,3,0,46998.00,0,19,Production Technician I,MA,02149,1984-01-04,M,Single,US Citizen,No,White,2012-08-13,NULL,N/A-StillEmployed,Active,"Production       ",Ketsia Liebig,19,Google Search,Fully Meets,4.17,4,0,2019-02-11,0,1,3916.50,40
"Peterson, Ebonee  ",10130,1,1,0,5,5,3,0,74669.00,1,18,Production Manager,MA,02030,1977-05-09,F,Married,US Citizen,No,White,2010-10-25,2016-05-18,Another position,Voluntarily Terminated,"Production       ",Janet King,2,Indeed,Fully Meets,4.16,5,0,2015-03-05,0,6,6222.42,47
"Quinn, Sean",10131,1,1,1,5,1,3,1,83363.00,1,23,Software Engineer,MA,02045,1984-11-06,M,Married,Eligible NonCitizen,No,Black or African American,2011-02-21,2015-08-15,career change,Voluntarily Terminated,Software Engineering,Janet King,2,Diversity Job Fair,Fully Meets,4.15,4,0,2014-04-19,0,4,6946.92,40
"Crimmings,   Jean",10132,0,0,0,2,5,3,0,56149.00,0,19,Production Technician I,MA,01821,1987-04-10,F,Single,US Citizen,No,White,2016-07-06,NULL,N/A-StillEmployed,Active,"Production       ",Michael Albert,22,LinkedIn,Fully Meets,4.12,5,0,2019-01-28,0,15,4679.08,37
"Dolan, Linda",10133,1,1,0,1,3,3,0,70621.00,0,14,IT Support,MA,02119,1988-07-18,F,Married,US Citizen,No,White,2015-01-05,NULL,N/A-StillEmployed,Active,IT/IS,Peter Monroe,7,Employee Referral,Fully Meets,4.11,4,6,2019-02-25,0,16,5885.08,36
"LeBlanc, Brandon  R",10134,1,1,1,1,1,3,0,93046.00,0,23,Shared Services Manager,MA,01460,1984-06-10,M,Married,US Citizen,No,White,2016-01-05,NULL,N/A-StillEmployed,Active,Admin Offices,Janet King,2,CareerBuilder,Fully Meets,4.1,4,0,2019-01-28,0,20,7753.83,40
"Woodson, Jason",10135,0,0,1,1,5,3,0,65893.00,0,20,Production Technician II,MA,01810,1985-05-11,M,Single,US Citizen,No,White,2014-07-07,NULL,N/A-StillEmployed,Active,"Production       ",Kissy Sullivan,20,LinkedIn,Fully Meets,4.07,4,0,2019-02-28,0,13,5491.08,39
"Fancett, Nicole",10136,0,0,0,1,5,3,0,65902.00,0,20,Production Technician II,MA,02324,1987-09-27,F,Single,US Citizen,No,Black or African American,2014-02-17,NULL,N/A-StillEmployed,Active,"Production       ",Webster Butler,NULL,LinkedIn,Fully Meets,4,4,0,2019-01-07,0,7,5491.83,37
"Linden, Mathew",10137,1,1,1,3,5,3,0,63450.00,0,20,Production Technician II,MA,01770,1979-03-19,M,Married,US Citizen,No,White,2013-07-08,NULL,N/A-StillEmployed,Active,"Production       ",Kelley Spirea,18,LinkedIn,Fully Meets,4,3,0,2019-02-18,0,7,5287.50,45
"Jung, Judy  ",10138,1,1,0,5,5,3,0,61154.00,1,19,Production Technician I,MA,02446,1986-04-17,F,Married,US Citizen,No,Black or African American,2011-01-10,2016-04-01,unhappy,Voluntarily Terminated,"Production       ",Elijiah Gray,16,CareerBuilder,Fully Meets,4,4,0,2016-02-03,0,4,5096.17,38
"Ivey, Rose ",10139,0,0,0,1,5,3,0,51908.00,0,19,Production Technician I,MA,01775,1991-01-28,F,Single,US Citizen,No,White,2013-08-19,NULL,N/A-StillEmployed,Active,"Production       ",Brannon Miller,12,Indeed,Fully Meets,3.99,3,0,2019-01-14,0,14,4325.67,33
"Ren, Kylo",10140,1,1,1,1,6,3,0,61809.00,0,3,Area Sales Manager,ID,83706,1954-10-12,M,Married,US Citizen,No,White,2014-05-12,NULL,N/A-StillEmployed,Active,Sales,John Smith,17,CareerBuilder,Fully Meets,3.98,3,0,2019-01-28,0,4,5150.75,70
"Theamstern, Sophia",10141,0,0,0,5,5,3,0,48413.00,1,19,Production Technician I,MA,02066,1965-05-09,F,Single,US Citizen,No,White,2011-07-05,2016-09-05,return to school,Voluntarily Terminated,"Production       ",Amy Dunn,11,Indeed,Fully Meets,3.98,4,0,2016-03-02,0,1,4034.42,59
"Gill, Whitney  ",10142,0,4,0,4,6,3,0,59370.00,1,3,Area Sales Manager,OH,43050,1971-07-10,F,Widowed,US Citizen,No,Black or African American,2014-07-07,2015-09-05,attendance,Terminated for Cause,Sales,John Smith,17,CareerBuilder,Fully Meets,3.97,4,0,2014-01-15,0,7,4947.50,53
"Davis, Daniel",10143,0,0,1,1,5,3,0,56294.00,0,20,Production Technician II,MA,02458,1979-09-14,M,Single,Eligible NonCitizen,No,Two or more races,2011-11-07,NULL,N/A-StillEmployed,Active,"Production       ",Kissy Sullivan,20,LinkedIn,Fully Meets,3.96,4,0,2019-02-27,0,6,4691.17,45
"Vega, Vincent",10144,0,2,1,1,5,3,0,88976.00,0,17,Production Manager,MA,02169,1968-10-10,M,Divorced,US Citizen,No,White,2011-08-01,NULL,N/A-StillEmployed,Active,"Production       ",Janet King,2,Employee Referral,Fully Meets,3.93,3,0,2019-02-27,0,19,7414.67,56
"Mckenna, Sandy",10145,1,1,0,1,5,3,0,62810.00,0,19,Production Technician I,MA,02184,1987-01-07,F,Married,US Citizen,No,Black or African American,2013-01-07,NULL,N/A-StillEmployed,Active,"Production       ",Kissy Sullivan,20,CareerBuilder,Fully Meets,3.93,3,0,2019-01-30,0,20,5234.17,37
"Tejeda, Lenora ",10146,1,1,0,5,5,3,0,72202.00,1,20,Production Technician II,MA,02129,1953-05-24,F,Married,US Citizen,No,White,2011-05-16,2017-07-08,Another position,Voluntarily Terminated,"Production       ",Elijiah Gray,16,Google Search,Fully Meets,3.93,3,0,2017-04-18,0,3,6016.83,71
"Steans, Tyrone  ",10147,0,0,1,1,1,3,0,63003.00,0,1,Accountant I,MA,02703,1986-09-01,M,Single,US Citizen,No,White,2014-09-29,NULL,N/A-StillEmployed,Active,Admin Offices,Brandon R. LeBlanc,1,Indeed,Fully Meets,3.9,5,5,2019-01-18,0,9,5250.25,38
"Panjwani, Nina",10148,1,1,0,5,5,3,0,63515.00,1,19,Production Technician I,MA,02351,1979-05-01,F,Married,US Citizen,No,White,2011-02-07,2014-01-12,Another position,Voluntarily Terminated,"Production       ",Elijiah Gray,16,Google Search,Fully Meets,3.89,4,0,2013-03-04,0,7,5292.92,45
"Roehrich, Bianca",10149,0,0,0,5,3,3,0,120000.00,1,29,Principal Data Architect,MA,02703,1973-05-27,F,Single,US Citizen,Yes,White,2015-01-05,2018-11-10,Another position,Voluntarily Terminated,IT/IS,Simon Roup,4,LinkedIn,Fully Meets,3.88,3,7,2018-02-13,0,12,10000.00,51
"Cady, Max ",10150,0,0,1,1,4,3,0,77692.00,0,25,Software Engineering Manager,MA,02184,1966-11-22,M,Single,US Citizen,No,White,2011-08-15,NULL,N/A-StillEmployed,Active,Software Engineering,Jennifer Zamora,5,Google Search,Fully Meets,3.84,3,5,2019-01-21,0,4,6474.33,58
"Morway, Tanya",10151,1,1,0,1,3,3,0,52599.00,0,15,Network Engineer,MA,02048,1979-04-04,F,Married,US Citizen,No,White,2015-02-16,NULL,N/A-StillEmployed,Active,IT/IS,Peter Monroe,7,CareerBuilder,Fully Meets,3.81,3,6,2019-02-11,0,6,4383.25,45
"Rarrick, Quinn",10152,0,2,1,5,5,3,0,61729.00,1,19,Production Technician I,MA,02478,1984-12-31,M,Divorced,US Citizen,No,White,2011-09-26,2018-04-07,more money,Voluntarily Terminated,"Production       ",Michael Albert,22,Indeed,Fully Meets,3.8,5,0,2018-02-04,0,19,5144.08,40
"Smith, Leigh Ann",10153,1,1,0,5,1,3,1,55000.00,1,2,Administrative Assistant,MA,01844,1987-06-14,F,Married,US Citizen,No,Black or African American,2011-09-26,2013-09-25,career change,Voluntarily Terminated,Admin Offices,Brandon R. LeBlanc,1,Diversity Job Fair,Fully Meets,3.8,4,4,2013-08-15,0,17,4583.33,37
"Chang, Donovan  E",10154,0,0,1,1,5,3,0,60380.00,0,19,Production Technician I,MA,01845,1983-08-24,M,Single,US Citizen,No,White,2013-07-08,NULL,N/A-StillEmployed,Active,"Production       ",Webster Butler,NULL,LinkedIn,Fully Meets,3.8,5,0,2019-01-14,0,4,5031.67,41
"Del Bosque, Keyla",10155,0,0,0,1,4,3,0,101199.00,0,24,Software Engineer,MA,02176,1979-07-05,F,Single,US Citizen,No,Black or African American,2012-01-09,NULL,N/A-StillEmployed,Active,Software Engineering,Alex Sweetwater,10,CareerBuilder,Fully Meets,3.79,5,5,2019-01-25,0,8,8433.25,45
"Johnson, Noelle ",10156,1,1,0,3,3,3,0,105700.00,0,8,Database Administrator,MA,02301,1986-11-07,F,Married,US Citizen,No,Asian,2015-01-05,NULL,N/A-StillEmployed,Active,IT/IS,Simon Roup,4,Indeed,Fully Meets,3.75,3,5,2019-02-11,0,2,8808.33,38
"Smith, Sade",10157,0,0,0,1,5,3,0,58939.00,0,19,Production Technician I,MA,02130,1965-02-02,F,Single,US Citizen,No,White,2013-11-11,NULL,N/A-StillEmployed,Active,"Production       ",Ketsia Liebig,19,Employee Referral,Fully Meets,3.73,3,0,2019-01-24,0,16,4911.58,59
"Sullivan, Kissy ",10158,1,1,0,1,5,3,0,63682.00,0,18,Production Manager,MA,01776,1978-03-28,F,Married,US Citizen,No,Black or African American,2009-01-08,NULL,N/A-StillEmployed,Active,"Production       ",Janet King,2,Indeed,Fully Meets,3.73,4,0,2019-01-24,0,12,5306.83,46
"Gentry, Mildred",10159,1,1,0,1,5,3,0,51337.00,0,19,Production Technician I,MA,02145,1990-10-01,F,Married,US Citizen,No,Black or African American,2015-03-30,NULL,N/A-StillEmployed,Active,"Production       ",Michael Albert,22,LinkedIn,Fully Meets,3.73,3,0,2019-01-16,0,19,4278.08,34
"Huynh, Ming",10160,0,2,0,5,5,3,0,68182.00,1,20,Production Technician II,MA,01742,1976-09-22,F,Divorced,US Citizen,No,White,2011-02-21,2013-04-01,unhappy,Voluntarily Terminated,"Production       ",Amy Dunn,11,Google Search,Fully Meets,3.72,3,0,2013-02-01,0,18,5681.83,48
"Terry, Sharlene ",10161,0,0,0,1,6,3,0,58370.00,0,3,Area Sales Manager,OR,97756,1965-05-07,F,Single,US Citizen,No,Black or African American,2014-09-29,NULL,N/A-StillEmployed,Active,Sales,Lynn Daneault,21,Indeed,Fully Meets,3.69,3,0,2019-01-28,0,18,4864.17,59
"Roby, Lori ",10162,1,1,0,1,3,3,0,89883.00,0,9,Data Analyst,MA,01886,1981-10-11,F,Married,US Citizen,No,White,2015-02-16,NULL,N/A-StillEmployed,Active,IT/IS,Simon Roup,4,Employee Referral,Fully Meets,3.69,5,6,2019-02-14,0,15,7490.25,43
"Foreman, Tanya",10163,1,1,0,5,5,3,0,55965.00,1,20,Production Technician II,MA,02170,1983-11-08,F,Married,US Citizen,No,White,2011-04-04,2013-01-09,career change,Voluntarily Terminated,"Production       ",Ketsia Liebig,19,Google Search,Fully Meets,3.66,3,0,2012-01-07,0,6,4663.75,41
"Pitt, Brad ",10164,0,0,1,1,5,3,0,47001.00,0,19,Production Technician I,MA,02451,1981-11-23,M,Single,US Citizen,No,White,2007-11-05,NULL,N/A-StillEmployed,Active,"Production       ",David Stanley,14,Google Search,Fully Meets,3.66,3,0,2019-02-25,0,15,3916.75,43
"Kreuger, Freddy",10165,0,0,1,1,6,3,1,71339.00,0,3,Area Sales Manager,NY,10171,1969-02-24,M,Single,US Citizen,Yes,Black or African American,2011-03-07,NULL,N/A-StillEmployed,Active,Sales,John Smith,17,Diversity Job Fair,Fully Meets,3.65,5,0,2019-01-17,0,20,5944.92,55
"Kinsella, Kathleen  ",10166,1,1,0,5,5,3,0,54005.00,1,19,Production Technician I,MA,02170,1973-12-08,F,Married,US Citizen,No,White,2011-09-26,2015-06-04,more money,Voluntarily Terminated,"Production       ",Webster Butler,39,Google Search,Fully Meets,3.6,5,0,2015-03-01,0,16,4500.42,51
"Hitchcock, Alfred",10167,1,1,1,1,6,3,0,70545.00,0,3,Area Sales Manager,NH,03062,1988-09-14,M,Married,US Citizen,No,American Indian or Alaska Native,2014-08-18,NULL,N/A-StillEmployed,Active,Sales,John Smith,17,Indeed,Fully Meets,3.6,5,0,2019-01-30,0,9,5878.75,36
"Cierpiszewski, Caroline  ",10168,0,0,0,1,5,3,0,64816.00,0,19,Production Technician I,MA,02044,1988-05-31,F,Single,Non-Citizen,No,Black or African American,2011-10-03,NULL,N/A-StillEmployed,Active,"Production       ",Ketsia Liebig,19,Indeed,Fully Meets,3.58,5,0,2019-01-30,0,3,5401.33,36
"Sander, Kamrin",10169,1,1,0,1,5,3,0,56147.00,0,19,Production Technician I,MA,02154,1988-07-10,F,Married,US Citizen,No,Black or African American,2014-09-29,NULL,N/A-StillEmployed,Active,"Production       ",Elijiah Gray,16,LinkedIn,Fully Meets,3.51,3,0,2019-02-18,0,2,4678.92,36
"Kirill, Alexandra  ",10170,1,1,0,5,5,3,0,45433.00,1,19,Production Technician I,MA,02127,1970-10-08,F,Married,US Citizen,No,White,2011-09-26,2014-01-09,more money,Voluntarily Terminated,"Production       ",Amy Dunn,11,Google Search,Fully Meets,3.49,4,0,2013-01-30,0,6,3786.08,54
"Perry, Shakira",10171,0,0,0,5,5,3,0,45998.00,1,19,Production Technician I,MA,02176,1986-07-20,F,Single,US Citizen,No,White,2011-05-16,2015-10-25,medical issues,Voluntarily Terminated,"Production       ",Amy Dunn,11,LinkedIn,Fully Meets,3.45,4,0,2014-05-13,0,5,3833.17,38
"Wang, Charlie",10172,0,0,1,1,3,3,0,84903.00,0,22,Senior BI Developer,MA,01887,1981-07-08,M,Single,US Citizen,No,Asian,2017-02-15,NULL,N/A-StillEmployed,Active,IT/IS,Brian Champaigne,13,Indeed,Fully Meets,3.42,4,7,2019-01-04,0,17,7075.25,43
"Tannen, Biff",10173,1,1,1,1,3,3,0,90100.00,0,4,BI Developer,MA,02134,1987-10-24,M,Married,US Citizen,No,White,2017-04-20,NULL,N/A-StillEmployed,Active,IT/IS,Brian Champaigne,13,Indeed,Fully Meets,3.4,3,6,2019-01-02,0,14,7508.33,37
"Wolk, Hang  T",10174,0,0,0,1,5,3,0,60446.00,0,20,Production Technician II,MA,02302,1985-04-20,F,Single,US Citizen,No,White,2014-09-29,NULL,N/A-StillEmployed,Active,"Production       ",David Stanley,14,LinkedIn,Fully Meets,3.4,4,0,2019-02-21,0,14,5037.17,39
"Bozzi, Charles",10175,0,0,1,5,5,3,0,74312.00,1,18,Production Manager,MA,01901,1970-03-10,M,Single,US Citizen,No,Asian,2013-09-30,2014-08-07,retiring,Voluntarily Terminated,"Production       ",Janet King,2,Indeed,Fully Meets,3.39,3,0,2014-02-20,0,14,6192.67,54
"Kretschmer, John",10176,1,1,1,1,5,3,0,63973.00,0,19,Production Technician I,MA,01801,1980-02-02,M,Married,US Citizen,No,Asian,2011-01-10,NULL,N/A-StillEmployed,Active,"Production       ",Brannon Miller,12,Indeed,Fully Meets,3.38,3,0,2019-01-21,0,17,5331.08,44
"Brill, Donna",10177,1,1,0,5,5,3,0,53492.00,1,19,Production Technician I,MA,01701,1990-08-24,F,Married,US Citizen,No,White,2012-04-02,2013-06-15,Another position,Voluntarily Terminated,"Production       ",David Stanley,14,Google Search,Fully Meets,3.35,4,0,2013-03-04,0,6,4457.67,34
"Simard, Kramer",10178,1,1,1,1,3,3,0,87826.00,0,9,Data Analyst,MA,02110,1970-02-08,M,Married,US Citizen,Yes,White,2015-01-05,NULL,N/A-StillEmployed,Active,IT/IS,Simon Roup,4,Employee Referral,Fully Meets,3.32,3,7,2019-01-14,0,16,7318.83,54
"Shepard, Anita ",10179,1,1,0,1,3,3,0,50750.00,0,15,Network Engineer,MA,01773,1981-04-14,F,Married,US Citizen,No,White,2014-09-30,NULL,N/A-StillEmployed,Active,IT/IS,Peter Monroe,7,LinkedIn,Fully Meets,3.31,3,6,2019-01-07,0,7,4229.17,43
"Soze, Keyser",10180,1,1,1,2,3,3,0,87565.00,0,28,Sr. Network Engineer,MA,01545,1983-02-09,M,Married,US Citizen,No,Asian,2016-06-30,NULL,N/A-StillEmployed,Active,IT/IS,Peter Monroe,7,LinkedIn,Fully Meets,3.27,4,5,2019-01-14,0,13,7297.08,41
"Burkett, Benjamin ",10181,1,1,1,1,5,3,0,62162.00,0,20,Production Technician II,MA,01890,1977-08-19,M,Married,US Citizen,No,White,2011-04-04,NULL,N/A-StillEmployed,Active,"Production       ",Ketsia Liebig,19,Indeed,Fully Meets,3.25,5,0,2019-01-14,0,15,5180.17,47
"Howard, Estelle",10182,1,1,0,1,1,3,0,49920.00,1,2,Administrative Assistant,MA,02170,1985-09-16,F,Married,US Citizen,No,Black or African American,2015-02-16,2015-04-15,"no-call, no-show",Terminated for Cause,Admin Offices,Brandon R. LeBlanc,1,Indeed,Fully Meets,3.24,3,4,2015-04-15,0,6,4160.00,39
"Von Massenbach, Anna",10183,0,0,0,2,5,3,0,62068.00,0,19,Production Technician I,MA,02124,1985-04-06,F,Single,US Citizen,No,White,2015-07-05,NULL,N/A-StillEmployed,Active,"Production       ",Michael Albert,22,LinkedIn,Fully Meets,3.21,3,0,2019-01-29,0,7,5172.33,39
"Buccheri, Joseph  ",10184,0,0,1,1,5,3,0,65288.00,0,20,Production Technician II,MA,01013,1983-07-28,M,Single,US Citizen,No,White,2014-09-29,NULL,N/A-StillEmployed,Active,"Production       ",Webster Butler,NULL,Google Search,Fully Meets,3.19,3,0,2019-02-01,0,9,5440.67,41
"Ndzi, Horia",10185,1,1,1,5,5,3,0,46664.00,1,19,Production Technician I,MA,02421,1983-03-28,M,Married,US Citizen,No,White,2013-04-01,2016-05-25,more money,Voluntarily Terminated,"Production       ",Amy Dunn,11,Employee Referral,Fully Meets,3.18,3,0,2016-03-06,0,10,3888.67,41
"Linares, Marilyn ",10186,1,1,0,5,5,3,0,52624.00,1,19,Production Technician I,MA,01886,1981-03-26,F,Married,US Citizen,No,White,2011-07-05,2018-09-26,unhappy,Voluntarily Terminated,"Production       ",Michael Albert,22,Indeed,Fully Meets,3.18,4,0,2018-03-02,0,16,4385.33,43
"Power, Morissa",10187,0,2,0,5,5,3,0,46799.00,1,19,Production Technician I,MA,01742,1984-10-15,F,Divorced,Eligible NonCitizen,No,Asian,2011-05-16,2018-06-04,Another position,Voluntarily Terminated,"Production       ",Kissy Sullivan,20,Google Search,Fully Meets,3.17,4,0,2018-04-02,0,14,3899.92,40
"Bunbury, Jessica",10188,1,1,0,5,6,3,0,74326.00,1,3,Area Sales Manager,VA,21851,1964-06-01,F,Married,Eligible NonCitizen,No,Black or African American,2011-08-15,2014-08-02,Another position,Voluntarily Terminated,Sales,John Smith,17,Google Search,Fully Meets,3.14,5,0,2013-02-10,1,19,6193.83,60
"Ferguson, Susan",10189,1,1,0,5,5,3,0,57748.00,1,19,Production Technician I,MA,02176,1955-04-14,F,Married,US Citizen,No,White,2011-11-07,2016-05-17,military,Voluntarily Terminated,"Production       ",Webster Butler,39,Google Search,Fully Meets,3.13,3,0,2016-02-04,0,16,4812.33,69
"Walker, Roger",10190,0,0,1,1,5,3,0,66541.00,0,20,Production Technician II,MA,02459,1976-02-10,M,Single,US Citizen,No,Black or African American,2014-08-18,NULL,N/A-StillEmployed,Active,"Production       ",Ketsia Liebig,19,Employee Referral,Fully Meets,3.11,5,0,2019-02-12,0,4,5545.08,48
"MacLennan, Samuel",10191,0,4,1,5,5,3,0,52788.00,1,19,Production Technician I,MA,01938,1972-11-09,M,Widowed,US Citizen,No,White,2012-09-24,2017-09-26,hours,Voluntarily Terminated,"Production       ",Amy Dunn,11,Indeed,Fully Meets,3.08,4,0,2017-04-01,0,18,4399.00,52
"Keatts, Kramer ",10192,0,0,1,1,5,3,0,50482.00,0,19,Production Technician I,MA,01887,1976-01-19,M,Single,US Citizen,No,White,2013-09-30,NULL,N/A-StillEmployed,Active,"Production       ",Michael Albert,22,Indeed,Fully Meets,3.07,4,0,2019-01-23,0,10,4206.83,48
"Costello, Frank",10193,1,1,1,1,3,3,0,83552.00,0,9,Data Analyst,MA,01810,1986-08-26,M,Married,US Citizen,No,White,2015-03-30,NULL,N/A-StillEmployed,Active,IT/IS,Simon Roup,4,Indeed,Fully Meets,3.04,3,6,2019-01-22,0,2,6962.67,38
"Andreola, Colby",10194,0,0,0,1,4,3,0,95660.00,0,24,Software Engineer,MA,02110,1979-05-24,F,Single,US Citizen,No,White,2014-11-10,NULL,N/A-StillEmployed,Active,Software Engineering,Alex Sweetwater,10,LinkedIn,Fully Meets,3.04,3,4,2019-01-02,0,19,7971.67,45
"Homberger, Adrienne  J",10195,1,1,0,5,5,3,0,63478.00,1,20,Production Technician II,MA,02445,1984-02-16,F,Married,Non-Citizen,No,White,2011-08-15,2012-04-07,relocation out of area,Voluntarily Terminated,"Production       ",Michael Albert,30,Indeed,Fully Meets,3.03,5,0,2012-03-05,0,16,5289.83,40
"Akinkuolie, Sarah",10196,1,1,0,5,5,3,0,64955.00,1,20,Production Technician II,MA,01810,1988-09-19,F,Married,US Citizen,No,White,2011-07-05,2012-09-24,hours,Voluntarily Terminated,"Production       ",Kissy Sullivan,20,LinkedIn,Fully Meets,3.02,3,0,2012-05-15,0,3,5412.92,36
"DeVito, Tommy",10197,0,0,1,1,3,3,0,96820.00,0,4,BI Developer,MA,02045,1983-09-04,M,Single,US Citizen,No,White,2017-02-15,NULL,N/A-StillEmployed,Active,IT/IS,Brian Champaigne,13,Indeed,Fully Meets,3.01,5,7,2019-01-23,0,15,8068.33,41
"Roup,Simon",10198,0,0,1,1,3,3,0,140920.00,0,13,IT Manager - DB,MA,02481,1973-04-05,M,Single,US Citizen,No,White,2013-01-20,NULL,N/A-StillEmployed,Active,IT/IS,Jennifer Zamora,5,Indeed,Fully Meets,3.6,5,7,2019-02-18,0,13,11743.33,51
"Booth, Frank",10199,0,0,1,4,3,3,0,103613.00,1,30,Enterprise Architect,CT,06033,1964-07-30,M,Single,US Citizen,No,Black or African American,2014-02-17,2016-02-19,Learned that he is a gangster,Terminated for Cause,IT/IS,Simon Roup,4,LinkedIn,Fully Meets,3.5,5,7,2016-01-10,0,2,8634.42,60
"Chigurh, Anton",10200,0,0,1,1,6,3,0,66808.00,0,3,Area Sales Manager,TX,78207,1970-06-11,M,Single,Eligible NonCitizen,No,Black or African American,2012-05-14,NULL,N/A-StillEmployed,Active,Sales,Lynn Daneault,21,Employee Referral,Fully Meets,3,5,0,2019-01-19,0,17,5567.33,54
"Hunts, Julissa",10201,0,0,0,2,5,3,0,69340.00,0,20,Production Technician II,MA,02021,1984-03-11,F,Single,US Citizen,No,White,2016-06-06,NULL,N/A-StillEmployed,Active,"Production       ",Elijiah Gray,16,LinkedIn,Fully Meets,3,5,0,2019-01-18,0,4,5778.33,40
"McKinzie, Jac",10202,1,1,1,2,6,3,0,63291.00,0,3,Area Sales Manager,TX,78789,1984-07-01,M,Married,US Citizen,No,Two or more races,2016-07-06,NULL,N/A-StillEmployed,Active,Sales,Lynn Daneault,21,Website,Fully Meets,3.4,4,0,2019-01-29,0,7,5274.25,40
"Bugali, Josephine ",10203,0,3,0,3,5,3,1,64375.00,0,19,Production Technician I,MA,02043,1969-10-30,F,Separated,US Citizen,No,Black or African American,2013-11-11,NULL,N/A-StillEmployed,Active,"Production       ",Kissy Sullivan,20,Diversity Job Fair,Fully Meets,3.5,5,0,2019-01-21,0,17,5364.58,55
"Wilkes, Annie",10204,0,2,0,5,5,3,0,58062.00,1,19,Production Technician I,MA,01876,1983-07-30,F,Divorced,US Citizen,No,White,2011-01-10,2012-05-14,Another position,Voluntarily Terminated,"Production       ",Ketsia Liebig,19,Google Search,Fully Meets,3.6,5,0,2011-02-06,0,9,4838.50,41
"Valentin,Jackie",10205,1,1,0,1,6,3,0,57859.00,0,3,Area Sales Manager,AZ,85006,1991-05-23,F,Married,US Citizen,No,Two or more races,2011-07-05,NULL,N/A-StillEmployed,Active,Sales,John Smith,17,Indeed,Fully Meets,2.81,3,0,2019-01-17,0,16,4821.58,33
"Nguyen, Lei-Ming",10206,0,0,0,1,5,3,0,62061.00,0,19,Production Technician I,MA,02132,1984-07-07,F,Single,US Citizen,No,White,2013-07-08,NULL,N/A-StillEmployed,Active,"Production       ",David Stanley,14,LinkedIn,Fully Meets,3.6,5,0,2019-01-02,0,4,5171.75,40
"Dobrin, Denisa  S",10207,0,0,0,1,5,3,0,46335.00,0,19,Production Technician I,MA,02125,1986-10-07,F,Single,US Citizen,Yes,White,2012-04-02,NULL,N/A-StillEmployed,Active,"Production       ",David Stanley,14,CareerBuilder,Fully Meets,3.4,5,0,2019-02-19,0,15,3861.25,38
"Knapp, Bradley  J",10208,0,0,1,1,5,3,0,46654.00,0,19,Production Technician I,MA,01721,1977-11-10,M,Single,US Citizen,No,Black or African American,2014-02-17,NULL,N/A-StillEmployed,Active,"Production       ",Ketsia Liebig,19,LinkedIn,Fully Meets,3.1,3,0,2019-02-06,0,3,3887.83,47
"Sutwell, Barbara",10209,0,0,0,1,5,3,0,59238.00,0,19,Production Technician I,MA,02718,1968-08-15,F,Single,Eligible NonCitizen,No,Asian,2012-05-14,NULL,N/A-StillEmployed,Active,"Production       ",Elijiah Gray,16,Indeed,Fully Meets,3.4,5,0,2019-01-31,0,13,4936.50,56
"Chan, Lin",10210,0,0,0,1,5,3,0,54237.00,0,19,Production Technician I,MA,02170,1979-02-12,F,Single,US Citizen,No,White,2014-05-12,NULL,N/A-StillEmployed,Active,"Production       ",Elijiah Gray,16,Indeed,Fully Meets,3.3,4,0,2019-02-19,0,11,4519.75,45
"Dunne, Amy",10211,1,1,0,1,5,3,0,62514.00,0,19,Production Technician I,MA,01749,1973-09-23,F,Married,US Citizen,No,White,2010-04-26,NULL,N/A-StillEmployed,Active,"Production       ",Ketsia Liebig,19,Google Search,Fully Meets,2.9,3,0,2019-01-21,0,6,5209.50,51
"Daniele, Ann  ",10212,1,1,0,3,3,3,0,85028.00,0,28,Sr. Network Engineer,CT,06033,1952-01-18,F,Married,US Citizen,No,White,2014-11-10,NULL,N/A-StillEmployed,Active,IT/IS,Peter Monroe,7,LinkedIn,Fully Meets,3.1,5,8,2019-02-12,0,19,7085.67,72
"Monkfish, Erasumus",10213,1,1,1,1,5,3,0,58207.00,0,20,Production Technician II,MA,01450,1992-08-17,M,Married,US Citizen,No,White,2011-11-07,NULL,N/A-StillEmployed,Active,"Production       ",David Stanley,14,LinkedIn,Fully Meets,3.7,3,0,2019-01-08,0,14,4850.58,32
"Hutter, Rosalie",10214,0,3,0,2,5,3,0,64995.00,0,20,Production Technician II,MA,02351,1992-05-07,F,Separated,US Citizen,No,White,2015-06-05,NULL,N/A-StillEmployed,Active,"Production       ",Webster Butler,NULL,Indeed,Fully Meets,4.5,3,0,2019-02-14,0,6,5416.25,32
"Ndzi, Colombui",10215,0,0,1,5,5,3,1,50470.00,1,19,Production Technician I,MA,02110,1989-05-02,M,Single,US Citizen,No,Black or African American,2011-09-26,2014-04-04,return to school,Voluntarily Terminated,"Production       ",Webster Butler,39,Diversity Job Fair,Fully Meets,4.3,3,0,2013-03-02,0,19,4205.83,35
"Myers, Michael",10216,0,0,1,1,5,3,0,57575.00,0,19,Production Technician I,MA,01550,1980-04-18,M,Single,US Citizen,No,Asian,2013-07-08,NULL,N/A-StillEmployed,Active,"Production       ",Kissy Sullivan,20,LinkedIn,Fully Meets,4.1,4,0,2019-01-22,0,13,4797.92,44
"Petingill, Shana  ",10217,1,1,0,1,5,3,0,74226.00,0,20,Production Technician II,MA,02050,1979-03-10,F,Married,Eligible NonCitizen,No,Asian,2012-04-02,NULL,N/A-StillEmployed,Active,"Production       ",Brannon Miller,12,LinkedIn,Fully Meets,4.3,3,0,2019-01-14,0,14,6185.50,45
"Gosciminski, Phylicia  ",10218,0,3,0,3,5,3,0,66149.00,0,20,Production Technician II,MA,01824,1983-12-08,F,Separated,US Citizen,No,American Indian or Alaska Native,2013-09-30,NULL,N/A-StillEmployed,Active,"Production       ",Kissy Sullivan,20,Google Search,Fully Meets,4.4,5,0,2019-02-21,0,1,5512.42,41
"Mahoney, Lauren  ",10219,0,0,0,1,5,3,0,45395.00,0,19,Production Technician I,MA,02189,1986-07-07,F,Single,US Citizen,No,White,2014-01-06,NULL,N/A-StillEmployed,Active,"Production       ",Ketsia Liebig,19,LinkedIn,Fully Meets,4.6,4,0,2019-02-26,0,14,3782.92,38
"Clayton, Rick",10220,0,0,1,1,3,3,0,68678.00,0,14,IT Support,MA,02170,1985-09-05,M,Single,US Citizen,No,White,2012-09-05,NULL,N/A-StillEmployed,Active,IT/IS,Eric Dougall,6,Indeed,Fully Meets,4.7,3,6,2019-02-27,0,2,5723.17,39
"Tavares, Desiree  ",10221,1,1,0,5,5,3,1,60754.00,1,19,Production Technician I,MA,01801,1975-04-03,F,Married,Non-Citizen,No,Black or African American,2009-04-27,2013-04-01,Another position,Voluntarily Terminated,"Production       ",Webster Butler,39,Diversity Job Fair,Fully Meets,4.5,5,0,2012-02-15,0,11,5062.83,49
"Ruiz, Ricardo",10222,0,2,1,5,3,3,1,148999.00,1,13,IT Manager - DB,MA,01915,1964-01-04,M,Divorced,US Citizen,No,Black or African American,2012-01-09,2015-11-04,hours,Voluntarily Terminated,IT/IS,Jennifer Zamora,5,Diversity Job Fair,Fully Meets,4.3,4,6,2015-01-04,0,8,12416.58,60
"Moran, Patrick",10223,0,0,1,3,5,3,1,72106.00,0,20,Production Technician II,MA,02127,1976-12-03,M,Single,US Citizen,No,Black or African American,2012-01-09,NULL,N/A-StillEmployed,Active,"Production       ",Kelley Spirea,18,Diversity Job Fair,Fully Meets,4.1,4,0,2019-01-31,0,12,6008.83,48
"Robertson, Peter",10224,1,1,1,5,5,3,0,55578.00,1,20,Production Technician II,MA,02138,1972-07-03,M,Married,US Citizen,No,White,2011-07-05,2012-02-08,Another position,Voluntarily Terminated,"Production       ",Kissy Sullivan,20,Indeed,Fully Meets,4.2,5,0,2012-01-06,0,13,4631.50,52
"Punjabhi, Louis  ",10225,0,0,1,1,5,3,0,59472.00,0,19,Production Technician I,MA,02109,1961-06-19,M,Single,US Citizen,No,White,2014-01-06,NULL,N/A-StillEmployed,Active,"Production       ",Kelley Spirea,18,Employee Referral,Fully Meets,4.8,3,0,2019-01-07,0,14,4956.00,63
"Biden, Lowan  M",10226,0,2,0,1,5,3,0,64919.00,0,19,Production Technician I,MA,02027,1958-12-27,F,Divorced,US Citizen,No,Asian,2013-08-19,NULL,N/A-StillEmployed,Active,"Production       ",Ketsia Liebig,19,Indeed,Fully Meets,4.2,3,0,2019-01-10,0,2,5409.92,66
"Jackson, Maryellen",10227,0,0,0,1,5,3,0,61242.00,0,19,Production Technician I,MA,02081,1972-09-11,F,Single,US Citizen,No,Black or African American,2012-11-05,NULL,N/A-StillEmployed,Active,"Production       ",David Stanley,14,LinkedIn,Fully Meets,4.1,3,0,2019-01-17,0,7,5103.50,52
"Goeth, Amon",10228,1,1,1,1,3,3,0,74679.00,0,14,IT Support,MA,02135,1989-11-24,M,Married,US Citizen,Yes,White,2015-03-30,NULL,N/A-StillEmployed,Active,IT/IS,Peter Monroe,7,LinkedIn,Fully Meets,4.3,5,7,2019-01-10,0,20,6223.25,35
"Salter, Jason",10229,0,2,1,5,3,3,0,88527.00,1,9,"Data Analyst ",MA,02452,1987-12-17,M,Divorced,US Citizen,No,Black or African American,2015-01-05,2015-10-31,hours,Voluntarily Terminated,IT/IS,Simon Roup,4,LinkedIn,Fully Meets,4.2,3,5,2015-04-20,0,2,7377.25,37
"Roberson, May",10230,0,2,0,5,5,3,0,64971.00,1,20,Production Technician II,MA,01902,1981-09-05,F,Divorced,Eligible NonCitizen,No,Black or African American,2011-09-26,2011-10-22,return to school,Voluntarily Terminated,"Production       ",David Stanley,14,Google Search,Fully Meets,4.5,4,0,2011-10-22,0,10,5414.25,43
"Khemmich, Bartholemew",10231,0,0,1,1,6,3,0,65310.00,0,3,Area Sales Manager,CO,80820,1979-11-27,M,Single,US Citizen,No,White,2013-08-19,NULL,N/A-StillEmployed,Active,Sales,Lynn Daneault,21,Indeed,Fully Meets,4.3,5,0,2019-01-22,0,13,5442.50,45
"Le, Binh",10232,0,0,0,1,3,3,0,81584.00,0,22,Senior BI Developer,MA,01886,1987-06-14,F,Single,US Citizen,No,Asian,2016-10-02,NULL,N/A-StillEmployed,Active,IT/IS,Brian Champaigne,13,Indeed,Fully Meets,4.1,5,7,2019-01-08,0,2,6798.67,37
"Sahoo, Adil",10233,1,1,1,1,5,3,0,57975.00,0,20,Production Technician II,MA,02062,1986-04-26,M,Married,US Citizen,No,White,2010-08-30,NULL,N/A-StillEmployed,Active,"Production       ",Kelley Spirea,18,CareerBuilder,Fully Meets,4.1,3,0,2019-01-10,0,13,4831.25,38
"Gruber, Hans",10234,1,1,1,1,3,3,0,99020.00,0,4,BI Developer,MA,02134,1989-06-30,M,Married,US Citizen,No,Black or African American,2017-04-20,NULL,N/A-StillEmployed,Active,IT/IS,Brian Champaigne,13,Indeed,Fully Meets,4.2,5,5,2019-01-28,0,8,8251.67,35
"England, Rex",10235,1,1,1,1,5,3,0,54285.00,0,19,Production Technician I,MA,02045,1978-08-25,M,Married,US Citizen,No,White,2014-03-31,NULL,N/A-StillEmployed,Active,"Production       ",Kelley Spirea,18,Employee Referral,Fully Meets,4.2,3,0,2019-01-11,0,3,4523.75,46
"Jacobi, Hannah  ",10236,0,2,0,1,5,3,0,45069.00,0,19,Production Technician I,MA,01778,1966-03-22,F,Divorced,US Citizen,No,White,2013-09-30,NULL,N/A-StillEmployed,Active,"Production       ",Kissy Sullivan,20,Employee Referral,Fully Meets,4.3,5,0,2019-02-22,0,7,3755.75,58
"Good, Susan",10237,1,1,0,3,5,3,0,66825.00,0,20,Production Technician II,MA,01886,1986-05-25,F,Married,US Citizen,No,White,2014-05-12,NULL,N/A-StillEmployed,Active,"Production       ",David Stanley,14,LinkedIn,Fully Meets,4.6,3,0,2019-02-07,0,20,5568.75,38
"Brown, Mia",10238,1,1,0,1,1,3,1,63000.00,0,1,Accountant I,MA,01450,1987-11-24,F,Married,US Citizen,No,Black or African American,2008-10-27,NULL,N/A-StillEmployed,Active,Admin Offices,Brandon R. LeBlanc,1,Diversity Job Fair,Fully Meets,4.5,2,6,2019-01-15,0,14,5250.00,37
"Rachael, Maggie",10239,1,1,0,1,3,3,0,95920.00,0,4,BI Developer,MA,02110,1980-05-12,F,Married,US Citizen,No,Black or African American,2016-10-02,NULL,N/A-StillEmployed,Active,IT/IS,Brian Champaigne,13,Indeed,Fully Meets,4.4,4,6,2019-02-06,0,10,7993.33,44
"Chivukula, Enola",10240,0,0,0,5,5,3,0,64786.00,1,19,Production Technician I,MA,01775,1983-08-27,F,Single,US Citizen,No,White,2011-06-27,2015-11-15,relocation out of area,Voluntarily Terminated,"Production       ",Amy Dunn,11,Indeed,Fully Meets,4.3,4,0,2015-03-10,0,3,5398.83,41
"Strong, Caitrin",10241,1,1,0,1,6,3,0,60120.00,0,3,Area Sales Manager,MT,59102,1989-05-12,F,Married,US Citizen,No,Black or African American,2010-09-27,NULL,N/A-StillEmployed,Active,Sales,John Smith,17,Indeed,Fully Meets,4.1,4,0,2019-01-31,0,18,5010.00,35
"Barbara, Thomas",10242,1,1,1,5,5,3,1,47211.00,1,19,Production Technician I,MA,02062,1974-02-21,M,Married,US Citizen,Yes,Black or African American,2012-04-02,2016-09-19,unhappy,Voluntarily Terminated,"Production       ",Kissy Sullivan,20,Diversity Job Fair,Fully Meets,4.2,3,0,2016-05-06,0,15,3934.25,50
"Gold, Shenice  ",10243,0,0,0,1,5,3,0,53018.00,0,19,Production Technician I,MA,02451,1992-06-18,F,Single,US Citizen,Yes,White,2013-11-11,NULL,N/A-StillEmployed,Active,"Production       ",Ketsia Liebig,19,Indeed,Fully Meets,4.3,5,0,2019-02-18,0,7,4418.17,32
"Kampew, Donysha",10244,0,0,0,5,6,3,0,68999.00,1,21,Sales Manager,PA,19444,1989-11-11,F,Single,US Citizen,No,White,2011-11-07,2014-04-24,maternity leave - did not return,Voluntarily Terminated,Sales,Debra Houlihan,15,Google Search,Fully Meets,4.5,5,0,2013-03-30,0,2,5749.92,35
"Becker, Renee",10245,0,0,0,4,3,3,0,110000.00,1,8,Database Administrator,MA,02026,1986-04-04,F,Single,US Citizen,Yes,White,2014-07-07,2015-09-12,performance,Terminated for Cause,IT/IS,Simon Roup,4,Google Search,Fully Meets,4.5,4,5,2015-01-15,0,8,9166.67,38
"Goble, Taisha",10246,0,0,0,4,3,3,0,114800.00,1,8,Database Administrator,MA,02127,1971-10-23,F,Single,US Citizen,No,White,2015-02-16,2015-03-15,"no-call, no-show",Terminated for Cause,IT/IS,Simon Roup,4,Indeed,Fully Meets,4.6,4,4,2015-01-20,0,10,9566.67,53
"Engdahl, Jean",10247,0,0,1,1,5,3,0,48888.00,0,19,Production Technician I,MA,02026,1974-05-31,M,Single,US Citizen,No,White,2014-11-10,NULL,N/A-StillEmployed,Active,"Production       ",Kelley Spirea,18,LinkedIn,Fully Meets,4.7,5,0,2019-02-13,0,8,4074.00,50
"Hudson, Jane",10248,0,0,0,1,5,3,0,55425.00,0,19,Production Technician I,MA,02176,1986-06-10,F,Single,US Citizen,No,White,2012-02-20,NULL,N/A-StillEmployed,Active,"Production       ",Ketsia Liebig,19,LinkedIn,Fully Meets,4.8,4,0,2019-01-07,0,4,4618.75,38
"Latif, Mohammed",10249,1,1,1,5,5,3,0,61962.00,1,20,Production Technician II,MA,02126,1984-05-09,M,Married,US Citizen,No,White,2012-04-02,2013-04-15,more money,Voluntarily Terminated,"Production       ",Kissy Sullivan,20,Google Search,Fully Meets,4.9,3,0,2013-02-20,0,20,5163.50,40
"Bacong, Alejandro ",10250,0,2,1,1,3,3,0,50178.00,0,14,IT Support,MA,01886,1988-01-07,M,Divorced,US Citizen,No,White,2015-01-05,NULL,N/A-StillEmployed,Active,IT/IS,Peter Monroe,7,Indeed,Fully Meets,5,5,6,2019-02-18,0,16,4181.50,36
"Lecter, Hannibal",10251,1,1,1,1,5,3,0,64738.00,0,19,Production Technician I,MA,01776,1982-09-02,M,Married,US Citizen,No,Asian,2012-05-14,NULL,N/A-StillEmployed,Active,"Production       ",Elijiah Gray,16,Google Search,Fully Meets,4.1,3,0,2019-02-22,0,10,5394.83,42
"Baczenski, Rachael  ",10252,1,1,0,5,5,3,1,54670.00,1,19,Production Technician I,MA,01902,1974-01-12,F,Married,US Citizen,Yes,Black or African American,2011-01-10,2017-01-12,Another position,Voluntarily Terminated,"Production       ",David Stanley,14,Diversity Job Fair,Fully Meets,4.2,4,0,2016-01-30,0,12,4555.83,50
"Villanueva, Noah",10253,0,0,1,1,6,3,0,55875.00,0,3,Area Sales Manager,ME,04063,1989-07-11,M,Single,US Citizen,No,Asian,2012-03-05,NULL,N/A-StillEmployed,Active,Sales,John Smith,17,Website,Fully Meets,4.5,4,0,2019-01-18,0,11,4656.25,35
"Motlagh,  Dawn",10254,0,2,0,1,5,3,0,63430.00,0,19,Production Technician I,MA,02453,1984-07-07,F,Divorced,US Citizen,No,White,2013-04-01,NULL,N/A-StillEmployed,Active,"Production       ",Elijiah Gray,16,LinkedIn,Fully Meets,4.4,4,0,2019-01-17,0,18,5285.83,40
"Givens, Myriam",10255,0,0,0,1,6,3,0,61555.00,0,3,Area Sales Manager,IN,46204,1989-09-22,F,Single,US Citizen,No,White,2015-02-16,NULL,N/A-StillEmployed,Active,Sales,Lynn Daneault,21,Indeed,Fully Meets,4.5,5,0,2019-01-25,0,20,5129.58,35
"Goyal, Roxana",10256,1,1,0,3,5,3,0,49256.00,0,19,Production Technician I,MA,01864,1974-10-09,F,Married,US Citizen,No,Asian,2013-08-19,NULL,N/A-StillEmployed,Active,"Production       ",Kissy Sullivan,20,LinkedIn,Fully Meets,4.1,5,0,2019-02-15,0,3,4104.67,50
"Gaul, Barbara",10257,0,0,0,1,5,3,0,53171.00,0,19,Production Technician I,MA,02121,1983-12-02,F,Single,US Citizen,Yes,Black or African American,2011-05-16,NULL,N/A-StillEmployed,Active,"Production       ",Kelley Spirea,18,LinkedIn,Fully Meets,4.2,4,0,2019-02-26,0,12,4430.92,41
"Fraval, Maruk ",10258,0,0,1,1,6,3,0,67251.00,0,3,Area Sales Manager,CT,06050,1963-08-28,M,Single,US Citizen,No,Black or African American,2011-09-06,NULL,N/A-StillEmployed,Active,Sales,Lynn Daneault,21,CareerBuilder,Fully Meets,4.3,3,0,2019-01-27,2,7,5604.25,61
"Pearson, Randall",10259,1,1,1,5,3,3,0,93093.00,1,9,Data Analyst,MA,02747,1984-09-05,M,Married,US Citizen,No,White,2014-12-01,2016-05-01,performance,Voluntarily Terminated,IT/IS,Simon Roup,4,Employee Referral,Fully Meets,4.7,4,5,2016-01-16,0,19,7757.75,40
"Sadki, Nore  ",10260,0,0,1,5,5,3,0,46428.00,1,19,Production Technician I,MA,02148,1974-12-21,M,Single,US Citizen,No,White,2009-01-05,2018-07-30,relocation out of area,Voluntarily Terminated,"Production       ",Michael Albert,22,Google Search,Fully Meets,4.6,5,0,2018-02-05,0,7,3869.00,50
"Cockel, James",10261,0,0,1,1,5,3,0,63108.00,0,19,Production Technician I,MA,02452,1977-09-08,M,Single,US Citizen,No,White,2013-07-08,NULL,N/A-StillEmployed,Active,"Production       ",David Stanley,14,Employee Referral,Fully Meets,4.4,5,0,2019-01-14,0,3,5259.00,47
"Purinton, Janine",10262,0,2,0,5,5,3,0,46430.00,1,19,Production Technician I,MA,02474,1970-09-22,F,Divorced,US Citizen,No,White,2012-09-24,2013-06-18,unhappy,Voluntarily Terminated,"Production       ",Kissy Sullivan,20,Indeed,Fully Meets,4.5,5,0,2013-04-02,0,16,3869.17,54
"Faller, Megan ",10263,1,1,0,1,5,3,0,71776.00,0,20,Production Technician II,MA,01824,1978-09-22,F,Married,US Citizen,No,Black or African American,2014-07-07,NULL,N/A-StillEmployed,Active,"Production       ",Elijiah Gray,16,LinkedIn,Fully Meets,4.4,5,0,2019-02-22,0,17,5981.33,46
"Williams, Jacquelyn  ",10264,0,0,0,5,5,3,1,59728.00,1,19,Production Technician I,MA,02109,1969-10-02,F,Single,US Citizen,Yes,Black or African American,2012-01-09,2015-06-27,relocation out of area,Voluntarily Terminated,"Production       ",Ketsia Liebig,19,Diversity Job Fair,Fully Meets,4.3,4,0,2014-06-02,0,16,4977.33,55
"Barone, Francesco  A",10265,0,0,1,1,5,3,0,58709.00,0,19,Production Technician I,MA,01810,1983-07-20,M,Single,US Citizen,No,Two or more races,2012-02-20,NULL,N/A-StillEmployed,Active,"Production       ",Kelley Spirea,18,Google Search,Fully Meets,4.6,4,0,2019-02-14,0,7,4892.42,41
"Stoica, Rick",10266,1,1,1,1,5,3,0,61355.00,0,19,Production Technician I,MA,02301,1985-03-14,M,Married,US Citizen,No,Asian,2014-02-17,NULL,N/A-StillEmployed,Active,"Production       ",Kelley Spirea,18,LinkedIn,Fully Meets,4.7,3,0,2019-01-11,0,4,5112.92,39
"Bondwell, Betsy",10267,0,0,0,5,5,3,0,57815.00,1,20,Production Technician II,MA,02210,1967-01-16,F,Single,US Citizen,No,White,2011-01-10,2014-04-04,career change,Voluntarily Terminated,"Production       ",Elijiah Gray,16,Google Search,Fully Meets,4.8,5,0,2014-03-04,0,5,4817.92,57
"Thibaud, Kenneth",10268,0,4,1,5,5,3,0,67176.00,1,20,Production Technician II,MA,02472,1975-09-16,M,Widowed,US Citizen,No,White,2007-06-25,2010-08-30,military,Voluntarily Terminated,"Production       ",Webster Butler,39,Other,Fully Meets,4.1,4,0,2010-07-14,0,15,5598.00,49
"Close, Phil",10269,1,1,1,5,5,3,0,59369.00,1,20,Production Technician II,MA,02169,1978-11-25,M,Married,US Citizen,No,White,2010-08-30,2011-09-26,career change,Voluntarily Terminated,"Production       ",David Stanley,14,Indeed,Fully Meets,4.2,4,0,2011-05-04,0,6,4947.42,46
"Trzeciak, Cybil",10270,0,0,0,5,5,3,0,74813.00,1,20,Production Technician II,MA,01778,1985-03-15,F,Single,US Citizen,No,White,2011-01-10,2014-07-02,unhappy,Voluntarily Terminated,"Production       ",Amy Dunn,11,LinkedIn,Fully Meets,4.4,3,0,2014-01-05,0,5,6234.42,39
"Zima, Colleen",10271,0,4,0,1,5,3,0,45046.00,0,19,Production Technician I,MA,01730,1978-08-17,F,Widowed,US Citizen,No,Asian,2014-09-29,NULL,N/A-StillEmployed,Active,"Production       ",David Stanley,14,LinkedIn,Fully Meets,4.5,5,0,2019-01-30,0,2,3753.83,46
"Houlihan, Debra",10272,1,1,0,1,6,3,0,180000.00,0,11,Director of Sales,RI,02908,1966-03-17,F,Married,US Citizen,No,White,2014-05-05,NULL,N/A-StillEmployed,Active,Sales,Janet King,2,LinkedIn,Fully Meets,4.5,4,0,2019-01-21,0,19,15000.00,58
"Galia, Lisa",10273,0,0,0,1,3,3,0,65707.00,0,14,IT Support,CT,06040,1968-07-06,F,Single,US Citizen,No,White,2010-05-01,NULL,N/A-StillEmployed,Active,IT/IS,Eric Dougall,6,LinkedIn,Fully Meets,4.7,4,5,2019-02-01,0,1,5475.58,56
"Wallace, Courtney  E",10274,1,1,0,5,5,3,1,80512.00,1,18,Production Manager,MA,02478,1955-11-14,F,Married,US Citizen,No,Black or African American,2011-09-26,2012-01-02,Another position,Voluntarily Terminated,"Production       ",Janet King,2,Diversity Job Fair,Fully Meets,4.5,3,0,2012-01-02,0,5,6709.33,69
"Cloninger, Jennifer",10275,1,1,0,5,5,3,0,64066.00,1,20,Production Technician II,MA,01752,1981-08-31,F,Married,US Citizen,No,White,2011-05-16,2013-01-07,unhappy,Voluntarily Terminated,"Production       ",Brannon Miller,12,Google Search,Fully Meets,4.2,5,0,2012-05-03,0,9,5338.83,43
"Dickinson, Geoff ",10276,0,0,1,1,5,3,0,51259.00,0,19,Production Technician I,MA,02180,1982-11-15,M,Single,US Citizen,No,White,2014-05-12,NULL,N/A-StillEmployed,Active,"Production       ",Ketsia Liebig,19,Indeed,Fully Meets,4.3,4,0,2019-02-19,0,1,4271.58,42
"Becker, Scott",10277,0,0,1,3,5,3,0,53250.00,0,19,Production Technician I,MA,02452,1979-04-06,M,Single,US Citizen,No,Asian,2013-07-08,NULL,N/A-StillEmployed,Active,"Production       ",Webster Butler,NULL,LinkedIn,Fully Meets,4.2,4,0,2019-01-11,0,13,4437.50,45
"Stanford,Barbara  M",10278,0,2,0,1,5,3,0,47961.00,0,19,Production Technician I,MA,02050,1982-08-25,F,Divorced,US Citizen,No,Two or more races,2011-01-10,NULL,N/A-StillEmployed,Active,"Production       ",Kissy Sullivan,20,Google Search,Fully Meets,4.1,4,0,2019-02-07,0,9,3996.75,42
"Mangal, Debbie",10279,1,1,0,1,5,3,0,61349.00,0,19,Production Technician I,MA,02451,1974-11-07,F,Married,US Citizen,No,White,2013-11-11,NULL,N/A-StillEmployed,Active,"Production       ",Brannon Miller,12,LinkedIn,Fully Meets,4.1,3,0,2019-01-22,0,11,5112.42,50
"Estremera, Miguel",10280,0,0,1,4,5,2,0,60340.00,1,19,Production Technician I,MA,02129,1983-09-02,M,Single,US Citizen,No,White,2012-04-02,2018-09-27,attendance,Terminated for Cause,"Production       ",Michael Albert,22,Google Search,Needs Improvement,5,4,0,2018-04-12,5,16,5028.33,41
"Owad, Clinton",10281,0,0,1,1,5,2,0,53060.00,0,19,Production Technician I,MA,01760,1979-11-24,M,Single,US Citizen,No,Black or African American,2014-02-17,NULL,N/A-StillEmployed,Active,"Production       ",Michael Albert,22,LinkedIn,Needs Improvement,4.25,3,0,2019-02-04,4,6,4421.67,45
"Corleone, Michael",10282,0,2,1,1,5,2,0,68051.00,0,18,Production Manager,MA,01803,1975-12-17,M,Divorced,US Citizen,No,White,2010-07-20,NULL,N/A-StillEmployed,Active,"Production       ",Janet King,2,CareerBuilder,Needs Improvement,4.13,2,0,2019-01-14,3,3,5670.92,49
"Gilles, Alex",10283,1,1,1,5,5,2,1,54933.00,1,19,Production Technician I,MA,02062,1974-08-09,M,Married,US Citizen,No,Black or African American,2012-04-02,2015-06-25,military,Voluntarily Terminated,"Production       ",Webster Butler,39,Diversity Job Fair,Needs Improvement,3.97,4,0,2015-01-20,3,15,4577.75,50
"DiNocco, Lily ",10284,1,1,0,1,5,2,0,61584.00,0,19,Production Technician I,MA,02351,1978-12-02,F,Married,US Citizen,No,Black or African American,2013-01-07,NULL,N/A-StillEmployed,Active,"Production       ",Brannon Miller,12,Indeed,Needs Improvement,3.88,4,0,2019-01-18,0,6,5132.00,46
"Robinson, Cherly",10285,1,1,0,4,5,2,0,61422.00,1,19,Production Technician I,MA,01460,1985-01-07,F,Married,US Citizen,No,White,2011-01-10,2016-05-17,attendance,Terminated for Cause,"Production       ",Ketsia Liebig,19,Indeed,Needs Improvement,3.6,3,0,2016-04-05,4,16,5118.50,39
"Smith, Martin",10286,0,0,1,5,5,2,0,53564.00,1,19,Production Technician I,MA,02458,1988-03-17,M,Single,US Citizen,No,Black or African American,2011-01-10,2017-12-28,career change,Voluntarily Terminated,"Production       ",Webster Butler,39,Google Search,Needs Improvement,3.54,5,0,2017-04-06,4,15,4463.67,36
"Trang, Mei",10287,0,0,0,1,5,2,0,63025.00,0,19,Production Technician I,MA,02021,1983-05-16,F,Single,US Citizen,No,White,2014-02-17,NULL,N/A-StillEmployed,Active,"Production       ",David Stanley,14,LinkedIn,Needs Improvement,2.44,5,0,2019-02-11,4,18,5252.08,41
"Monroe, Peter",10288,1,1,1,1,3,2,1,157000.00,0,13,IT Manager - Infra,MA,02134,1986-10-05,M,Married,Eligible NonCitizen,Yes,Black or African American,2012-02-15,NULL,N/A-StillEmployed,Active,IT/IS,Jennifer Zamora,5,Diversity Job Fair,Needs Improvement,2.39,3,6,2019-02-22,4,13,13083.33,38
"Immediato, Walter",10289,1,1,1,5,5,2,0,83082.00,1,18,Production Manager,MA,02128,1976-11-15,M,Married,US Citizen,No,Asian,2011-02-21,2012-09-24,unhappy,Voluntarily Terminated,"Production       ",Janet King,2,Indeed,Needs Improvement,2.34,2,0,2012-04-12,3,4,6923.50,48
"Exantus, Susan",10290,1,1,0,4,4,2,0,99280.00,1,24,Software Engineer,MA,01749,1987-05-15,F,Married,US Citizen,No,Black or African American,2011-05-02,2013-06-05,attendance,Terminated for Cause,Software Engineering,Alex Sweetwater,10,Indeed,Needs Improvement,2.1,5,4,2012-08-10,4,19,8273.33,37
"Smith, John",10291,0,2,1,1,6,2,1,72992.00,0,21,Sales Manager,MA,01886,1984-08-16,M,Divorced,US Citizen,No,Black or African American,2014-05-18,NULL,N/A-StillEmployed,Active,Sales,Debra Houlihan,15,Diversity Job Fair,Needs Improvement,2.4,4,0,2019-01-16,2,16,6082.67,40
"Cole, Spencer",10292,0,0,1,4,5,2,0,59144.00,1,19,Production Technician I,MA,01880,1979-08-12,M,Single,US Citizen,No,Black or African American,2011-07-11,2016-09-23,performance,Terminated for Cause,"Production       ",Kissy Sullivan,20,LinkedIn,Needs Improvement,2,3,0,2016-05-01,5,16,4928.67,45
"Wallace, Theresa",10293,0,0,0,5,5,2,0,50274.00,1,19,Production Technician I,MA,01887,1980-08-02,F,Single,US Citizen,No,White,2012-08-13,2015-09-01,career change,Voluntarily Terminated,"Production       ",Elijiah Gray,16,CareerBuilder,Needs Improvement,2.5,3,0,2014-09-05,6,13,4189.50,44
"Blount, Dianna",10294,0,0,0,1,5,2,0,66441.00,0,20,Production Technician II,MA,02171,1990-09-21,F,Single,US Citizen,No,White,2011-04-04,NULL,N/A-StillEmployed,Active,"Production       ",Michael Albert,22,CareerBuilder,Needs Improvement,2,3,0,2019-02-27,2,3,5536.75,34
"Saar-Beckles, Melinda",10295,0,0,0,2,5,2,1,47750.00,0,19,Production Technician I,MA,01801,1968-06-06,F,Single,US Citizen,No,Black or African American,2016-07-04,NULL,N/A-StillEmployed,Active,"Production       ",Kelley Spirea,18,Diversity Job Fair,Needs Improvement,2.6,4,0,2019-02-18,5,4,3979.17,56
"Evensen, April",10296,0,0,0,4,5,2,0,59124.00,1,19,Production Technician I,MA,02458,1989-05-06,F,Single,US Citizen,No,White,2014-02-17,2018-02-25,"no-call, no-show",Terminated for Cause,"Production       ",Elijiah Gray,16,Google Search,Needs Improvement,2.3,3,0,2017-01-15,5,19,4927.00,35
"Pelletier, Ermine",10297,1,1,0,5,5,2,0,60270.00,1,20,Production Technician II,MA,02472,1989-07-18,F,Married,US Citizen,No,Asian,2011-07-05,2015-09-15,unhappy,Voluntarily Terminated,"Production       ",Amy Dunn,11,CareerBuilder,Needs Improvement,2.4,5,0,2015-02-06,5,2,5022.50,35
"Miller, Ned",10298,0,0,1,5,5,1,0,55800.00,1,20,Production Technician II,MA,02472,1985-06-29,M,Single,US Citizen,No,White,2011-08-15,2014-09-04,unhappy,Voluntarily Terminated,"Production       ",Brannon Miller,12,LinkedIn,PIP,3,2,0,2013-01-14,6,6,4650.00,39
"Erilus, Angela",10299,0,3,0,1,5,1,0,56847.00,0,20,Production Technician II,MA,02133,1989-08-25,F,Separated,US Citizen,No,White,2014-07-07,NULL,N/A-StillEmployed,Active,"Production       ",Michael Albert,22,Indeed,PIP,3,1,0,2019-02-25,2,5,4737.25,35
"Gonzalez, Juan",10300,1,1,1,5,5,1,1,68898.00,1,20,Production Technician II,MA,02128,1964-10-12,M,Married,US Citizen,No,Black or African American,2010-04-26,2011-05-30,career change,Voluntarily Terminated,"Production       ",Brannon Miller,12,Diversity Job Fair,PIP,3,3,0,2011-03-06,3,10,5741.50,60
"Ybarra, Catherine ",10301,0,0,0,5,5,1,0,48513.00,1,19,Production Technician I,MA,02458,1982-05-04,F,Single,US Citizen,No,Asian,2008-09-02,2015-09-29,Another position,Voluntarily Terminated,"Production       ",Brannon Miller,12,Google Search,PIP,3.2,2,0,2015-09-02,5,4,4042.75,42
"Sparks, Taylor  ",10302,1,1,0,1,5,1,0,64021.00,0,19,Production Technician I,MA,02093,1968-07-20,F,Married,US Citizen,No,White,2012-02-20,NULL,N/A-StillEmployed,Active,"Production       ",Brannon Miller,12,Indeed,PIP,2.4,2,1,2019-02-25,6,20,5335.08,56
"O'hare, Lynn",10303,0,0,0,4,5,1,0,52674.00,1,19,Production Technician I,MA,02152,1980-09-30,F,Single,US Citizen,No,Two or more races,2014-03-31,2018-05-01,performance,Terminated for Cause,"Production       ",Kissy Sullivan,20,LinkedIn,PIP,2.33,2,0,2018-03-09,6,3,4389.50,44
"Dietrich, Jenna  ",10304,0,0,0,1,6,1,0,59231.00,0,3,Area Sales Manager,WA,98052,1987-05-14,F,Single,US Citizen,Yes,White,2012-02-20,NULL,N/A-StillEmployed,Active,Sales,John Smith,17,Website,PIP,2.3,1,0,2019-01-29,2,17,4935.92,37
"Forrest, Alex",10305,1,1,1,1,6,3,0,70187.00,1,3,Area Sales Manager,MA,02330,1975-07-07,M,Married,US Citizen,No,White,2014-09-29,2018-08-19,Fatal attraction,Terminated for Cause,Sales,Lynn Daneault,21,Employee Referral,PIP,2,5,0,2019-01-28,4,7,5848.92,49
"Delarge, Alex",10306,0,0,1,1,6,1,0,61568.00,0,3,Area Sales Manager,AL,36006,1975-11-02,M,Single,US Citizen,No,Two or more races,2014-09-29,NULL,N/A-StillEmployed,Active,Sales,John Smith,17,Indeed,PIP,1.93,3,0,2019-01-30,6,5,5130.67,49
"Stansfield, Norman",10307,1,1,1,1,6,1,0,58273.00,0,3,Area Sales Manager,NV,89139,1974-05-09,M,Married,US Citizen,No,White,2014-05-12,NULL,N/A-StillEmployed,Active,Sales,Lynn Daneault,21,Website,PIP,1.81,2,0,2019-01-17,3,5,4856.08,50
"Fernandes, Nilson  ",10308,1,1,1,1,5,1,0,64057.00,0,19,Production Technician I,MA,02132,1989-10-18,M,Married,US Citizen,No,White,2015-05-11,NULL,N/A-StillEmployed,Active,"Production       ",Amy Dunn,11,Indeed,PIP,1.56,5,0,2019-01-03,6,15,5338.08,35
"Fett, Boba",10309,0,0,1,1,3,1,0,53366.00,0,15,Network Engineer,MA,02138,1987-06-18,M,Single,US Citizen,No,White,2015-03-30,NULL,N/A-StillEmployed,Active,IT/IS,Peter Monroe,7,LinkedIn,PIP,1.2,3,6,2019-02-04,3,2,4447.17,37
"Desimone, Carl ",10310,1,1,1,1,5,1,0,53189.00,0,19,Production Technician I,MA,02061,1967-04-19,M,Married,US Citizen,No,White,2014-07-07,NULL,N/A-StillEmployed,Active,"Production       ",Amy Dunn,11,Indeed,PIP,1.12,2,0,2019-01-31,4,9,4432.42,57
"Dee, Randy",10311,1,1,1,1,6,1,0,56991.00,0,19,Production Technician I,MA,02138,1988-04-15,M,Married,US Citizen,No,White,2018-07-09,NULL,N/A-StillEmployed,Active,"Production       ",Brannon Miller,12,Indeed,Fully Meets,4.3,4,3,2019-01-31,2,2,4749.25,36
