Employee_Name,EmpID,MarriedID,MaritalStatusID,GenderID,EmpStatusID,DeptID,FromDiversityJobFairID,Salary,Termd,PositionID,Position,State,Zip,DOB,Sex,MaritalDesc,CitizenDesc,HispanicLatino,RaceDesc,DateofHire,DateofTermination,TermReason,EmploymentStatus,Department,ManagerName,ManagerID,RecruitmentSource,PerformanceScore,PerfScoreID,PerformanceConcat,PeformanceDataCheck,EngagementSurvey,EmpSatisfaction,SpecialProjectsCount,LastPerformanceReview_Date,DaysLateLast30,Absences,Monthly salary,Age
"Adinolfi, Wilson  K",10026,0,0,1,1,5,0,62506,0,19,Production Technician I,MA,1960,7/10/83,M ,Single,US Citizen,No,White,7/5/11,,N/A-StillEmployed,Active,Production       ,Michael Albert,22,LinkedIn,Exceeds,4,Exceeds4,TRUE,4.6,5,0,1/17/19,0,1,5208.83,41.29
"Ait Sidi, Karthikeyan   ",10084,1,1,1,5,3,0,104437,1,27,Sr. DBA,MA,2148,5/5/75,M ,Married,US Citizen,No,White,3/30/15,6/16/16,career change,Voluntarily Terminated,IT/IS,Simon Roup,4,Indeed,Fully Meets,3,Fully Meets3,TRUE,4.96,3,6,2/24/16,0,17,8703.08,49.47
"Akinkuolie, Sarah",10196,1,1,0,5,5,0,64955,1,20,Production Technician II,MA,1810,9/19/88,F,Married,US Citizen,No,White,7/5/11,9/24/12,hours,Voluntarily Terminated,Production       ,Kissy Sullivan,20,LinkedIn,Fully Meets,3,Fully Meets3,TRUE,3.02,3,0,5/15/12,0,3,5412.92,36.09
"Alagbe,Trina",10088,1,1,0,1,5,0,64991,0,19,Production Technician I,MA,1886,9/27/88,F,Married,US Citizen,No,White,1/7/08,,N/A-StillEmployed,Active,Production       ,Elijiah Gray,16,Indeed,Fully Meets,3,Fully Meets3,TRUE,4.84,5,0,1/3/19,0,15,5415.92,36.07
"Anderson, Carol ",10069,0,2,0,5,5,0,50825,1,19,Production Technician I,MA,2169,9/8/89,F,Divorced,US Citizen,No,White,7/11/11,9/6/16,return to school,Voluntarily Terminated,Production       ,Webster Butler,39,Google Search,Fully Meets,3,Fully Meets3,TRUE,5,4,0,2/1/16,0,2,4235.42,35.12
"Anderson, Linda  ",10002,0,0,0,1,5,0,57568,0,19,Production Technician I,MA,1844,5/22/77,F,Single,US Citizen,No,White,1/9/12,,N/A-StillEmployed,Active,Production       ,Amy Dunn,11,LinkedIn,Exceeds,4,Exceeds4,TRUE,5,5,0,1/7/19,0,15,4797.33,47.42
"Andreola, Colby",10194,0,0,0,1,4,0,95660,0,24,Software Engineer,MA,2110,5/24/79,F,Single,US Citizen,No,White,11/10/14,,N/A-StillEmployed,Active,Software Engineering,Alex Sweetwater,10,LinkedIn,Fully Meets,3,Fully Meets3,TRUE,3.04,3,4,1/2/19,0,19,7971.67,45.42
"Athwal, Sam",10062,0,4,1,1,5,0,59365,0,19,Production Technician I,MA,2199,2/18/83,M ,Widowed,US Citizen,No,White,9/30/13,,N/A-StillEmployed,Active,Production       ,Ketsia Liebig,19,Employee Referral,Fully Meets,3,Fully Meets3,TRUE,5,4,0,2/25/19,0,19,4947.08,41.68
"Bachiochi, Linda",10114,0,0,0,3,5,1,47837,0,19,Production Technician I,MA,1902,2/11/70,F,Single,US Citizen,No,Black or African American,7/6/09,,N/A-StillEmployed,Active,Production       ,Brannon Miller,12,Diversity Job Fair,Fully Meets,3,Fully Meets3,TRUE,4.46,3,0,1/25/19,0,4,3986.42,54.7
"Bacong, Alejandro ",10250,0,2,1,1,3,0,50178,0,14,IT Support,MA,1886,1/7/88,M ,Divorced,US Citizen,No,White,1/5/15,,N/A-StillEmployed,Active,IT/IS,Peter Monroe,7,Indeed,Fully Meets,3,Fully Meets3,TRUE,5,5,6,2/18/19,0,16,4181.5,36.79
"Baczenski, Rachael  ",10252,1,1,0,5,5,1,54670,1,19,Production Technician I,MA,1902,1/12/74,F,Married,US Citizen,Yes,Black or African American,1/10/11,1/12/17,Another position,Voluntarily Terminated,Production       ,David Stanley,14,Diversity Job Fair,Fully Meets,3,Fully Meets3,TRUE,4.2,4,0,1/30/16,0,12,4555.83,50.78
"Barbara, Thomas",10242,1,1,1,5,5,1,47211,1,19,Production Technician I,MA,2062,2/21/74,M ,Married,US Citizen,Yes,Black or African American,4/2/12,9/19/16,unhappy,Voluntarily Terminated,Production       ,Kissy Sullivan,20,Diversity Job Fair,Fully Meets,3,Fully Meets3,TRUE,4.2,3,0,5/6/16,0,15,3934.25,50.67
"Barbossa, Hector",10012,0,2,1,1,3,1,92328,0,9,Data Analyst,TX,78230,7/4/88,M ,Divorced,US Citizen,No,Black or African American,11/10/14,,N/A-StillEmployed,Active,IT/IS,Simon Roup,4,Diversity Job Fair,Exceeds,4,Exceeds4,TRUE,4.28,4,5,2/25/19,0,9,7694,36.3
"Barone, Francesco  A",10265,0,0,1,1,5,0,58709,0,19,Production Technician I,MA,1810,7/20/83,M ,Single,US Citizen,No,Two or more races,2/20/12,,N/A-StillEmployed,Active,Production       ,Kelley Spirea,18,Google Search,Fully Meets,3,Fully Meets3,TRUE,4.6,4,0,2/14/19,0,7,4892.42,41.26
"Barton, Nader",10066,0,2,1,5,5,0,52505,1,19,Production Technician I,MA,2747,7/15/77,M ,Divorced,US Citizen,No,White,9/24/12,4/6/17,Another position,Voluntarily Terminated,Production       ,Michael Albert,22,On-line Web application,Fully Meets,3,Fully Meets3,TRUE,5,5,0,3/2/17,0,1,4375.42,47.28
"Bates, Norman",10061,0,0,1,4,5,0,57834,1,19,Production Technician I,MA,2050,10/18/81,M ,Single,US Citizen,No,White,2/21/11,8/4/17,attendance,Terminated for Cause,Production       ,Kelley Spirea,18,Google Search,Fully Meets,3,Fully Meets3,TRUE,5,4,0,4/5/17,0,20,4819.5,43.01
"Beak, Kimberly  ",10023,1,1,0,2,5,0,70131,0,20,Production Technician II,MA,2145,4/17/66,F,Married,US Citizen,No,White,7/21/16,,N/A-StillEmployed,Active,Production       ,Kelley Spirea,18,Employee Referral,Exceeds,4,Exceeds4,TRUE,4.4,3,0,1/14/19,0,16,5844.25,58.53
"Beatrice, Courtney ",10055,0,0,0,1,5,0,59026,0,19,Production Technician I,MA,1915,10/27/70,F,Single,Eligible NonCitizen,No,White,4/4/11,,N/A-StillEmployed,Active,Production       ,Elijiah Gray,16,Google Search,Fully Meets,3,Fully Meets3,TRUE,5,5,0,1/14/19,0,12,4918.83,54
"Becker, Renee",10245,0,0,0,4,3,0,110000,1,8,Database Administrator,MA,2026,4/4/86,F,Single,US Citizen,Yes,White,7/7/14,9/12/15,performance,Terminated for Cause,IT/IS,Simon Roup,4,Google Search,Fully Meets,3,Fully Meets3,TRUE,4.5,4,5,1/15/15,0,8,9166.67,38.55
"Becker, Scott",10277,0,0,1,3,5,0,53250,0,19,Production Technician I,MA,2452,4/6/79,M ,Single,US Citizen,No,Asian,7/8/13,,N/A-StillEmployed,Active,Production       ,Webster Butler,,LinkedIn,Fully Meets,3,Fully Meets3,TRUE,4.2,4,0,1/11/19,0,13,4437.5,45.55
"Bernstein, Sean",10046,0,0,1,1,5,0,51044,0,19,Production Technician I,MA,2072,12/22/70,M ,Single,US Citizen,Yes,White,4/2/12,,N/A-StillEmployed,Active,Production       ,Amy Dunn,11,Google Search,Fully Meets,3,Fully Meets3,TRUE,5,3,0,1/14/19,0,13,4253.67,53.84
"Biden, Lowan  M",10226,0,2,0,1,5,0,64919,0,19,Production Technician I,MA,2027,12/27/58,F,Divorced,US Citizen,No,Asian,8/19/13,,N/A-StillEmployed,Active,Production       ,Ketsia Liebig,19,Indeed,Fully Meets,3,Fully Meets3,TRUE,4.2,3,0,1/10/19,0,2,5409.92,65.84
"Billis, Helen",10003,1,1,0,1,5,0,62910,0,19,Production Technician I,MA,2031,9/1/89,F,Married,US Citizen,No,White,7/7/14,,N/A-StillEmployed,Active,Production       ,Brannon Miller,12,Indeed,Exceeds,4,Exceeds4,TRUE,5,3,0,2/27/19,0,19,5242.5,35.14
"Blount, Dianna",10294,0,0,0,1,5,0,66441,0,20,Production Technician II,MA,2171,9/21/90,F,Single,US Citizen,No,White,4/4/11,,N/A-StillEmployed,Active,Production       ,Michael Albert,22,CareerBuilder,Needs Improvement,2,Needs Improvement2,TRUE,2,3,0,2/27/19,2,3,5536.75,34.08
"Bondwell, Betsy",10267,0,0,0,5,5,0,57815,1,20,Production Technician II,MA,2210,1/16/67,F,Single,US Citizen,No,White,1/10/11,4/4/14,career change,Voluntarily Terminated,Production       ,Elijiah Gray,16,Google Search,Fully Meets,3,Fully Meets3,TRUE,4.8,5,0,3/4/14,0,5,4817.92,57.78
"Booth, Frank",10199,0,0,1,4,3,0,103613,1,30,Enterprise Architect,CT,6033,7/30/64,M ,Single,US Citizen,No,Black or African American,2/17/14,2/19/16,Learned that he is a gangster,Terminated for Cause,IT/IS,Simon Roup,4,LinkedIn,Fully Meets,3,Fully Meets3,TRUE,3.5,5,7,1/10/16,0,2,8634.42,60.24
"Boutwell, Bonalyn",10081,1,1,0,1,1,1,106367,0,26,Sr. Accountant,MA,2468,4/4/87,F,Married,US Citizen,No,Black or African American,2/16/15,,N/A-StillEmployed,Active,Admin Offices,Brandon R. LeBlanc,3,Diversity Job Fair,Fully Meets,3,Fully Meets3,TRUE,5,4,3,2/18/19,0,4,8863.92,37.55
"Bozzi, Charles",10175,0,0,1,5,5,0,74312,1,18,Production Manager,MA,1901,3/10/70,M ,Single,US Citizen,No,Asian,9/30/13,8/7/14,retiring,Voluntarily Terminated,Production       ,Janet King,2,Indeed,Fully Meets,3,Fully Meets3,TRUE,3.39,3,0,2/20/14,0,14,6192.67,54.63
"Brill, Donna",10177,1,1,0,5,5,0,53492,1,19,Production Technician I,MA,1701,8/24/90,F,Married,US Citizen,No,White,4/2/12,6/15/13,Another position,Voluntarily Terminated,Production       ,David Stanley,14,Google Search,Fully Meets,3,Fully Meets3,TRUE,3.35,4,0,3/4/13,0,6,4457.67,34.16
"Brown, Mia",10238,1,1,0,1,1,1,63000,0,1,Accountant I,MA,1450,11/24/87,F,Married,US Citizen,No,Black or African American,10/27/08,,N/A-StillEmployed,Active,Admin Offices,Brandon R. LeBlanc,1,Diversity Job Fair,Fully Meets,3,Fully Meets3,TRUE,4.5,2,6,1/15/19,0,14,5250,36.91
"Buccheri, Joseph  ",10184,0,0,1,1,5,0,65288,0,20,Production Technician II,MA,1013,7/28/83,M ,Single,US Citizen,No,White,9/29/14,,N/A-StillEmployed,Active,Production       ,Webster Butler,,Google Search,Fully Meets,3,Fully Meets3,TRUE,3.19,3,0,2/1/19,0,9,5440.67,41.24
"Bugali, Josephine ",10203,0,3,0,3,5,1,64375,0,19,Production Technician I,MA,2043,10/30/69,F,Separated,US Citizen,No,Black or African American,11/11/13,,N/A-StillEmployed,Active,Production       ,Kissy Sullivan,20,Diversity Job Fair,Fully Meets,3,Fully Meets3,TRUE,3.5,5,0,1/21/19,0,17,5364.58,54.99
"Bunbury, Jessica",10188,1,1,0,5,6,0,74326,1,3,Area Sales Manager,VA,21851,6/1/64,F,Married,Eligible NonCitizen,No,Black or African American,8/15/11,8/2/14,Another position,Voluntarily Terminated,Sales,John Smith,17,Google Search,Fully Meets,3,Fully Meets3,TRUE,3.14,5,0,2/10/13,1,19,6193.83,60.41
"Burke, Joelle",10107,0,0,0,1,5,0,63763,0,20,Production Technician II,MA,2148,3/2/80,F,Single,US Citizen,No,Black or African American,3/5/12,,N/A-StillEmployed,Active,Production       ,Amy Dunn,11,Employee Referral,Fully Meets,3,Fully Meets3,TRUE,4.51,4,0,2/21/19,0,3,5313.58,44.64
"Burkett, Benjamin ",10181,1,1,1,1,5,0,62162,0,20,Production Technician II,MA,1890,8/19/77,M ,Married,US Citizen,No,White,4/4/11,,N/A-StillEmployed,Active,Production       ,Ketsia Liebig,19,Indeed,Fully Meets,3,Fully Meets3,TRUE,3.25,5,0,1/14/19,0,15,5180.17,47.18
"Cady, Max ",10150,0,0,1,1,4,0,77692,0,25,Software Engineering Manager,MA,2184,11/22/66,M ,Single,US Citizen,No,White,8/15/11,,N/A-StillEmployed,Active,Software Engineering,Jennifer Zamora,5,Google Search,Fully Meets,3,Fully Meets3,TRUE,3.84,3,5,1/21/19,0,4,6474.33,57.93
"Candie, Calvin",10001,0,0,1,1,5,0,72640,0,18,Production Manager,MA,2169,8/9/83,M ,Single,US Citizen,No,White,1/28/16,,N/A-StillEmployed,Active,Production       ,Janet King,2,Indeed,Exceeds,4,Exceeds4,TRUE,5,3,0,2/22/19,0,14,6053.33,41.21
"Carabbio, Judith",10085,0,0,0,1,4,0,93396,0,24,Software Engineer,MA,2132,4/5/87,F,Single,US Citizen,No,White,11/11/13,,N/A-StillEmployed,Active,Software Engineering,Alex Sweetwater,10,Indeed,Fully Meets,3,Fully Meets3,TRUE,4.96,4,6,1/30/19,0,3,7783,37.55
"Carey, Michael  ",10115,0,0,1,1,5,0,52846,0,19,Production Technician I,MA,1701,2/2/83,M ,Single,US Citizen,No,Black or African American,3/31/14,,N/A-StillEmployed,Active,Production       ,Kelley Spirea,18,LinkedIn,Fully Meets,3,Fully Meets3,TRUE,4.43,3,0,2/1/19,0,14,4403.83,41.72
"Carr, Claudia  N",10082,0,0,0,2,3,0,100031,0,27,Sr. DBA,MA,1886,6/6/86,F,Single,US Citizen,No,Black or African American,6/30/16,,N/A-StillEmployed,Active,IT/IS,Simon Roup,4,LinkedIn,Fully Meets,3,Fully Meets3,TRUE,5,5,6,2/18/19,0,7,8335.92,38.38
"Carter, Michelle ",10040,0,0,0,1,6,0,71860,0,3,Area Sales Manager,VT,5664,5/15/63,F,Single,US Citizen,No,White,8/18/14,,N/A-StillEmployed,Active,Sales,John Smith,17,Indeed,Fully Meets,3,Fully Meets3,TRUE,5,5,0,1/21/19,0,7,5988.33,61.45
"Chace, Beatrice ",10067,0,0,0,1,5,0,61656,0,19,Production Technician I,MA,2763,1/2/51,F,Single,US Citizen,No,White,9/29/14,,N/A-StillEmployed,Active,Production       ,Michael Albert,22,Google Search,Fully Meets,3,Fully Meets3,TRUE,5,4,0,2/12/19,0,11,5138,73.83
"Champaigne, Brian",10108,1,1,1,1,3,0,110929,0,5,BI Director,MA,2045,2/9/72,M ,Married,US Citizen,No,White,9/6/16,,N/A-StillEmployed,Active,IT/IS,Jennifer Zamora,5,Indeed,Fully Meets,3,Fully Meets3,TRUE,4.5,5,7,1/15/19,0,8,9244.08,52.71
"Chan, Lin",10210,0,0,0,1,5,0,54237,0,19,Production Technician I,MA,2170,2/12/79,F,Single,US Citizen,No,White,5/12/14,,N/A-StillEmployed,Active,Production       ,Elijiah Gray,16,Indeed,Fully Meets,3,Fully Meets3,TRUE,3.3,4,0,2/19/19,0,11,4519.75,45.7
"Chang, Donovan  E",10154,0,0,1,1,5,0,60380,0,19,Production Technician I,MA,1845,8/24/83,M ,Single,US Citizen,No,White,7/8/13,,N/A-StillEmployed,Active,Production       ,Webster Butler,,LinkedIn,Fully Meets,3,Fully Meets3,TRUE,3.8,5,0,1/14/19,0,4,5031.67,41.16
"Chigurh, Anton",10200,0,0,1,1,6,0,66808,0,3,Area Sales Manager,TX,78207,6/11/70,M ,Single,Eligible NonCitizen,No,Black or African American,5/14/12,,N/A-StillEmployed,Active,Sales,Lynn Daneault,21,Employee Referral,Fully Meets,3,Fully Meets3,TRUE,3,5,0,1/19/19,0,17,5567.33,54.38
"Chivukula, Enola",10240,0,0,0,5,5,0,64786,1,19,Production Technician I,MA,1775,8/27/83,F,Single,US Citizen,No,White,6/27/11,11/15/15,relocation out of area,Voluntarily Terminated,Production       ,Amy Dunn,11,Indeed,Fully Meets,3,Fully Meets3,TRUE,4.3,4,0,3/10/15,0,3,5398.83,41.16
"Cierpiszewski, Caroline  ",10168,0,0,0,1,5,0,64816,0,19,Production Technician I,MA,2044,5/31/88,F,Single,Non-Citizen,No,Black or African American,10/3/11,,N/A-StillEmployed,Active,Production       ,Ketsia Liebig,19,Indeed,Fully Meets,3,Fully Meets3,TRUE,3.58,5,0,1/30/19,0,3,5401.33,36.39
"Clayton, Rick",10220,0,0,1,1,3,0,68678,0,14,IT Support,MA,2170,9/5/85,M ,Single,US Citizen,No,White,9/5/12,,N/A-StillEmployed,Active,IT/IS,Eric Dougall,6,Indeed,Fully Meets,3,Fully Meets3,TRUE,4.7,3,6,2/27/19,0,2,5723.17,39.13
"Cloninger, Jennifer",10275,1,1,0,5,5,0,64066,1,20,Production Technician II,MA,1752,8/31/81,F,Married,US Citizen,No,White,5/16/11,1/7/13,unhappy,Voluntarily Terminated,Production       ,Brannon Miller,12,Google Search,Fully Meets,3,Fully Meets3,TRUE,4.2,5,0,5/3/12,0,9,5338.83,43.15
"Close, Phil",10269,1,1,1,5,5,0,59369,1,20,Production Technician II,MA,2169,11/25/78,M ,Married,US Citizen,No,White,8/30/10,9/26/11,career change,Voluntarily Terminated,Production       ,David Stanley,14,Indeed,Fully Meets,3,Fully Meets3,TRUE,4.2,4,0,5/4/11,0,6,4947.42,45.91
"Clukey, Elijian",10029,1,1,1,2,5,0,50373,0,19,Production Technician I,MA,2134,8/26/80,M ,Married,US Citizen,No,White,7/6/16,,N/A-StillEmployed,Active,Production       ,Brannon Miller,12,Employee Referral,Exceeds,4,Exceeds4,TRUE,4.1,4,0,2/28/19,0,5,4197.75,44.16
"Cockel, James",10261,0,0,1,1,5,0,63108,0,19,Production Technician I,MA,2452,9/8/77,M ,Single,US Citizen,No,White,7/8/13,,N/A-StillEmployed,Active,Production       ,David Stanley,14,Employee Referral,Fully Meets,3,Fully Meets3,TRUE,4.4,5,0,1/14/19,0,3,5259,47.13
"Cole, Spencer",10292,0,0,1,4,5,0,59144,1,19,Production Technician I,MA,1880,8/12/79,M ,Single,US Citizen,No,Black or African American,7/11/11,9/23/16,performance,Terminated for Cause,Production       ,Kissy Sullivan,20,LinkedIn,Needs Improvement,2,Needs Improvement2,TRUE,2,3,0,5/1/16,5,16,4928.67,45.2
"Corleone, Michael",10282,0,2,1,1,5,0,68051,0,18,Production Manager,MA,1803,12/17/75,M ,Divorced,US Citizen,No,White,7/20/10,,N/A-StillEmployed,Active,Production       ,Janet King,2,CareerBuilder,Needs Improvement,2,Needs Improvement2,TRUE,4.13,2,0,1/14/19,3,3,5670.92,48.85
"Corleone, Vito",10019,0,0,1,1,5,0,170500,0,10,Director of Operations,MA,2030,3/19/83,M ,Single,US Citizen,No,Black or African American,1/5/09,,N/A-StillEmployed,Active,Production       ,Janet King,2,Indeed,Exceeds,4,Exceeds4,TRUE,3.7,5,0,2/4/19,0,15,14208.33,41.6
"Cornett, Lisa ",10094,1,1,0,1,5,0,63381,0,19,Production Technician I,MA,2189,3/31/77,F,Married,US Citizen,Yes,White,1/5/15,,N/A-StillEmployed,Active,Production       ,Kelley Spirea,18,Indeed,Fully Meets,3,Fully Meets3,TRUE,4.73,5,0,2/14/19,0,6,5281.75,47.57
"Costello, Frank",10193,1,1,1,1,3,0,83552,0,9,Data Analyst,MA,1810,8/26/86,M ,Married,US Citizen,No,White,3/30/15,,N/A-StillEmployed,Active,IT/IS,Simon Roup,4,Indeed,Fully Meets,3,Fully Meets3,TRUE,3.04,3,6,1/22/19,0,2,6962.67,38.16
"Crimmings,   Jean",10132,0,0,0,2,5,0,56149,0,19,Production Technician I,MA,1821,4/10/87,F,Single,US Citizen,No,White,7/6/16,,N/A-StillEmployed,Active,Production       ,Michael Albert,22,LinkedIn,Fully Meets,3,Fully Meets3,TRUE,4.12,5,0,1/28/19,0,15,4679.08,37.53
"Cross, Noah",10083,0,0,1,1,3,0,92329,0,28,Sr. Network Engineer,CT,6278,9/9/65,M ,Single,US Citizen,No,White,11/10/14,,N/A-StillEmployed,Active,IT/IS,Peter Monroe,7,Employee Referral,Fully Meets,3,Fully Meets3,TRUE,5,3,4,1/2/19,0,5,7694.08,59.13
"Daneault, Lynn",10099,0,0,0,1,6,0,65729,0,21,Sales Manager,VT,5473,4/19/90,F,Single,US Citizen,No,White,5/5/14,,N/A-StillEmployed,Active,Sales,Debra Houlihan,15,Indeed,Fully Meets,3,Fully Meets3,TRUE,4.62,4,0,1/24/19,0,8,5477.42,34.51
"Daniele, Ann  ",10212,1,1,0,3,3,0,85028,0,28,Sr. Network Engineer,CT,6033,1/18/52,F,Married,US Citizen,No,White,11/10/14,,N/A-StillEmployed,Active,IT/IS,Peter Monroe,7,LinkedIn,Fully Meets,3,Fully Meets3,TRUE,3.1,5,8,2/12/19,0,19,7085.67,72.78
"Darson, Jene'ya ",10056,1,1,0,1,5,0,57583,0,19,Production Technician I,MA,2110,11/5/78,F,Married,US Citizen,No,White,7/2/12,,N/A-StillEmployed,Active,Production       ,Elijiah Gray,16,Indeed,Fully Meets,3,Fully Meets3,TRUE,5,3,0,2/25/19,0,1,4798.58,45.97
"Davis, Daniel",10143,0,0,1,1,5,0,56294,0,20,Production Technician II,MA,2458,9/14/79,M ,Single,Eligible NonCitizen,No,Two or more races,11/7/11,,N/A-StillEmployed,Active,Production       ,Kissy Sullivan,20,LinkedIn,Fully Meets,3,Fully Meets3,TRUE,3.96,4,0,2/27/19,0,6,4691.17,45.11
"Dee, Randy",10311,1,1,1,1,6,0,56991,0,19,Production Technician I,MA,2138,4/15/88,M ,Married,US Citizen,No,White,7/9/18,,N/A-StillEmployed,Active,Production       ,Brannon Miller,12,Indeed,Fully Meets,1,Fully Meets1,#NAME?,4.3,4,3,1/31/19,2,2,4749.25,36.52
"DeGweck,  James",10070,1,1,1,5,5,0,55722,1,19,Production Technician I,MA,1810,10/31/77,M ,Married,US Citizen,No,White,5/16/11,6/8/16,unhappy,Voluntarily Terminated,Production       ,Webster Butler,39,Indeed,Fully Meets,3,Fully Meets3,TRUE,5,4,0,4/2/16,0,14,4643.5,46.98
"Del Bosque, Keyla",10155,0,0,0,1,4,0,101199,0,24,Software Engineer,MA,2176,7/5/79,F,Single,US Citizen,No,Black or African American,1/9/12,,N/A-StillEmployed,Active,Software Engineering,Alex Sweetwater,10,CareerBuilder,Fully Meets,3,Fully Meets3,TRUE,3.79,5,5,1/25/19,0,8,8433.25,45.3
"Delarge, Alex",10306,0,0,1,1,6,0,61568,0,3,Area Sales Manager,AL,36006,11/2/75,M ,Single,US Citizen,No,Two or more races,9/29/14,,N/A-StillEmployed,Active,Sales,John Smith,17,Indeed,PIP,1,PIP1,TRUE,1.93,3,0,1/30/19,6,5,5130.67,48.98
"Demita, Carla",10100,0,3,0,5,5,0,58275,1,20,Production Technician II,MA,2343,2/25/51,F,Separated,US Citizen,No,Black or African American,4/4/11,11/4/15,more money,Voluntarily Terminated,Production       ,Kelley Spirea,18,Google Search,Fully Meets,3,Fully Meets3,TRUE,4.62,5,0,5/6/15,0,1,4856.25,73.68
"Desimone, Carl ",10310,1,1,1,1,5,0,53189,0,19,Production Technician I,MA,2061,4/19/67,M ,Married,US Citizen,No,White,7/7/14,,N/A-StillEmployed,Active,Production       ,Amy Dunn,11,Indeed,PIP,1,PIP1,TRUE,1.12,2,0,1/31/19,4,9,4432.42,57.52
"DeVito, Tommy",10197,0,0,1,1,3,0,96820,0,4,BI Developer,MA,2045,9/4/83,M ,Single,US Citizen,No,White,2/15/17,,N/A-StillEmployed,Active,IT/IS,Brian Champaigne,13,Indeed,Fully Meets,3,Fully Meets3,TRUE,3.01,5,7,1/23/19,0,15,8068.33,41.13
"Dickinson, Geoff ",10276,0,0,1,1,5,0,51259,0,19,Production Technician I,MA,2180,11/15/82,M ,Single,US Citizen,No,White,5/12/14,,N/A-StillEmployed,Active,Production       ,Ketsia Liebig,19,Indeed,Fully Meets,3,Fully Meets3,TRUE,4.3,4,0,2/19/19,0,1,4271.58,41.94
"Dietrich, Jenna  ",10304,0,0,0,1,6,0,59231,0,3,Area Sales Manager,WA,98052,5/14/87,F,Single,US Citizen,Yes,White,2/20/12,,N/A-StillEmployed,Active,Sales,John Smith,17,Website,PIP,1,PIP1,TRUE,2.3,1,0,1/29/19,2,17,4935.92,37.44
"DiNocco, Lily ",10284,1,1,0,1,5,0,61584,0,19,Production Technician I,MA,2351,12/2/78,F,Married,US Citizen,No,Black or African American,1/7/13,,N/A-StillEmployed,Active,Production       ,Brannon Miller,12,Indeed,Needs Improvement,2,Needs Improvement2,TRUE,3.88,4,0,1/18/19,0,6,5132,45.89
"Dobrin, Denisa  S",10207,0,0,0,1,5,0,46335,0,19,Production Technician I,MA,2125,10/7/86,F,Single,US Citizen,Yes,White,4/2/12,,N/A-StillEmployed,Active,Production       ,David Stanley,14,CareerBuilder,Fully Meets,3,Fully Meets3,TRUE,3.4,5,0,2/19/19,0,15,3861.25,38.04
"Dolan, Linda",10133,1,1,0,1,3,0,70621,0,14,IT Support,MA,2119,7/18/88,F,Married,US Citizen,No,White,1/5/15,,N/A-StillEmployed,Active,IT/IS,Peter Monroe,7,Employee Referral,Fully Meets,3,Fully Meets3,TRUE,4.11,4,6,2/25/19,0,16,5885.08,36.26
"Dougall, Eric",10028,0,0,1,1,3,0,138888,0,13,IT Manager - Support,MA,1886,7/9/70,M ,Single,US Citizen,No,Black or African American,1/5/14,,N/A-StillEmployed,Active,IT/IS,Jennifer Zamora,5,Indeed,Exceeds,4,Exceeds4,TRUE,4.3,5,5,1/4/19,0,4,11574,54.3
"Driver, Elle",10006,0,0,0,1,6,0,74241,0,3,Area Sales Manager,CA,90007,11/8/88,F,Single,US Citizen,No,White,1/10/11,,N/A-StillEmployed,Active,Sales,Lynn Daneault,21,Indeed,Exceeds,4,Exceeds4,TRUE,4.77,5,0,1/27/19,0,14,6186.75,35.95
"Dunn, Amy  ",10105,0,0,0,1,5,0,75188,0,18,Production Manager,MA,1731,11/28/73,F,Single,US Citizen,No,White,9/18/14,,N/A-StillEmployed,Active,Production       ,Janet King,2,Google Search,Fully Meets,3,Fully Meets3,TRUE,4.52,4,0,1/15/19,0,4,6265.67,50.91
"Dunne, Amy",10211,1,1,0,1,5,0,62514,0,19,Production Technician I,MA,1749,9/23/73,F,Married,US Citizen,No,White,4/26/10,,N/A-StillEmployed,Active,Production       ,Ketsia Liebig,19,Google Search,Fully Meets,3,Fully Meets3,TRUE,2.9,3,0,1/21/19,0,6,5209.5,51.09
"Eaton, Marianne",10064,1,1,0,5,5,0,60070,1,19,Production Technician I,MA,2343,9/5/91,F,Married,US Citizen,No,White,4/4/11,6/6/17,military,Voluntarily Terminated,Production       ,Kissy Sullivan,20,Google Search,Fully Meets,3,Fully Meets3,TRUE,5,3,0,4/9/17,0,7,5005.83,33.13
"Engdahl, Jean",10247,0,0,1,1,5,0,48888,0,19,Production Technician I,MA,2026,5/31/74,M ,Single,US Citizen,No,White,11/10/14,,N/A-StillEmployed,Active,Production       ,Kelley Spirea,18,LinkedIn,Fully Meets,3,Fully Meets3,TRUE,4.7,5,0,2/13/19,0,8,4074,50.4
"England, Rex",10235,1,1,1,1,5,0,54285,0,19,Production Technician I,MA,2045,8/25/78,M ,Married,US Citizen,No,White,3/31/14,,N/A-StillEmployed,Active,Production       ,Kelley Spirea,18,Employee Referral,Fully Meets,3,Fully Meets3,TRUE,4.2,3,0,1/11/19,0,3,4523.75,46.16
"Erilus, Angela",10299,0,3,0,1,5,0,56847,0,20,Production Technician II,MA,2133,8/25/89,F,Separated,US Citizen,No,White,7/7/14,,N/A-StillEmployed,Active,Production       ,Michael Albert,22,Indeed,PIP,1,PIP1,TRUE,3,1,0,2/25/19,2,5,4737.25,35.16
"Estremera, Miguel",10280,0,0,1,4,5,0,60340,1,19,Production Technician I,MA,2129,9/2/83,M ,Single,US Citizen,No,White,4/2/12,9/27/18,attendance,Terminated for Cause,Production       ,Michael Albert,22,Google Search,Needs Improvement,2,Needs Improvement2,TRUE,5,4,0,4/12/18,5,16,5028.33,41.14
"Evensen, April",10296,0,0,0,4,5,0,59124,1,19,Production Technician I,MA,2458,5/6/89,F,Single,US Citizen,No,White,2/17/14,2/25/18,"no-call, no-show",Terminated for Cause,Production       ,Elijiah Gray,16,Google Search,Needs Improvement,2,Needs Improvement2,TRUE,2.3,3,0,1/15/17,5,19,4927,35.46
"Exantus, Susan",10290,1,1,0,4,4,0,99280,1,24,Software Engineer,MA,1749,5/15/87,F,Married,US Citizen,No,Black or African American,5/2/11,6/5/13,attendance,Terminated for Cause,Software Engineering,Alex Sweetwater,10,Indeed,Needs Improvement,2,Needs Improvement2,TRUE,2.1,5,4,8/10/12,4,19,8273.33,37.44
"Faller, Megan ",10263,1,1,0,1,5,0,71776,0,20,Production Technician II,MA,1824,9/22/78,F,Married,US Citizen,No,Black or African American,7/7/14,,N/A-StillEmployed,Active,Production       ,Elijiah Gray,16,LinkedIn,Fully Meets,3,Fully Meets3,TRUE,4.4,5,0,2/22/19,0,17,5981.33,46.09
"Fancett, Nicole",10136,0,0,0,1,5,0,65902,0,20,Production Technician II,MA,2324,9/27/87,F,Single,US Citizen,No,Black or African American,2/17/14,,N/A-StillEmployed,Active,Production       ,Webster Butler,,LinkedIn,Fully Meets,3,Fully Meets3,TRUE,4,4,0,1/7/19,0,7,5491.83,37.07
"Ferguson, Susan",10189,1,1,0,5,5,0,57748,1,19,Production Technician I,MA,2176,4/14/55,F,Married,US Citizen,No,White,11/7/11,5/17/16,military,Voluntarily Terminated,Production       ,Webster Butler,39,Google Search,Fully Meets,3,Fully Meets3,TRUE,3.13,3,0,2/4/16,0,16,4812.33,69.55
"Fernandes, Nilson  ",10308,1,1,1,1,5,0,64057,0,19,Production Technician I,MA,2132,10/18/89,M ,Married,US Citizen,No,White,5/11/15,,N/A-StillEmployed,Active,Production       ,Amy Dunn,11,Indeed,PIP,1,PIP1,TRUE,1.56,5,0,1/3/19,6,15,5338.08,35.01
"Fett, Boba",10309,0,0,1,1,3,0,53366,0,15,Network Engineer,MA,2138,6/18/87,M ,Single,US Citizen,No,White,3/30/15,,N/A-StillEmployed,Active,IT/IS,Peter Monroe,7,LinkedIn,PIP,1,PIP1,TRUE,1.2,3,6,2/4/19,3,2,4447.17,37.35
"Fidelia,  Libby",10049,1,1,0,1,5,0,58530,0,19,Production Technician I,MA,2155,3/16/81,F,Married,US Citizen,No,White,1/9/12,,N/A-StillEmployed,Active,Production       ,Brannon Miller,12,Google Search,Fully Meets,3,Fully Meets3,TRUE,5,5,0,1/29/19,0,19,4877.5,43.61
"Fitzpatrick, Michael  J",10093,0,0,1,5,5,0,72609,1,20,Production Technician II,MA,2143,10/1/81,M ,Single,US Citizen,Yes,White,5/16/11,6/24/13,hours,Voluntarily Terminated,Production       ,Amy Dunn,11,Google Search,Fully Meets,3,Fully Meets3,TRUE,4.76,5,0,4/5/13,0,20,6050.75,43.06
"Foreman, Tanya",10163,1,1,0,5,5,0,55965,1,20,Production Technician II,MA,2170,11/8/83,F,Married,US Citizen,No,White,4/4/11,1/9/13,career change,Voluntarily Terminated,Production       ,Ketsia Liebig,19,Google Search,Fully Meets,3,Fully Meets3,TRUE,3.66,3,0,1/7/12,0,6,4663.75,40.96
"Forrest, Alex",10305,1,1,1,1,6,0,70187,1,3,Area Sales Manager,MA,2330,7/7/75,M ,Married,US Citizen,No,White,9/29/14,8/19/18,Fatal attraction,Terminated for Cause,Sales,Lynn Daneault,21,Employee Referral,PIP,3,PIP3,#N/A,2,5,0,1/28/19,4,7,5848.92,49.3
"Foss, Jason",10015,0,0,1,1,3,0,178000,0,12,IT Director,MA,1460,7/5/80,M ,Single,US Citizen,No,Black or African American,4/15/11,,N/A-StillEmployed,Active,IT/IS,Jennifer Zamora,5,Indeed,Exceeds,4,Exceeds4,TRUE,5,5,5,1/7/19,0,15,14833.33,44.3
"Foster-Baker, Amy",10080,1,1,0,1,1,0,99351,0,26,Sr. Accountant,MA,2050,4/16/79,F,Married,US Citizen,no,White,1/5/09,,N/A-StillEmployed,Active,Admin Offices,Board of Directors,9,Other,Fully Meets,3,Fully Meets3,TRUE,5,3,2,2/8/19,0,3,8279.25,45.52
"Fraval, Maruk ",10258,0,0,1,1,6,0,67251,0,3,Area Sales Manager,CT,6050,8/28/63,M ,Single,US Citizen,No,Black or African American,9/6/11,,N/A-StillEmployed,Active,Sales,Lynn Daneault,21,CareerBuilder,Fully Meets,3,Fully Meets3,TRUE,4.3,3,0,1/27/19,2,7,5604.25,61.17
"Galia, Lisa",10273,0,0,0,1,3,0,65707,0,14,IT Support,CT,6040,7/6/68,F,Single,US Citizen,No,White,5/1/10,,N/A-StillEmployed,Active,IT/IS,Eric Dougall,6,LinkedIn,Fully Meets,3,Fully Meets3,TRUE,4.7,4,5,2/1/19,0,1,5475.58,56.31
"Garcia, Raul",10111,0,0,1,1,5,0,52249,0,19,Production Technician I,MA,1905,9/15/85,M ,Single,US Citizen,Yes,White,3/30/15,,N/A-StillEmployed,Active,Production       ,David Stanley,14,Employee Referral,Fully Meets,3,Fully Meets3,TRUE,4.5,3,0,2/18/19,0,5,4354.08,39.1
"Gaul, Barbara",10257,0,0,0,1,5,0,53171,0,19,Production Technician I,MA,2121,12/2/83,F,Single,US Citizen,Yes,Black or African American,5/16/11,,N/A-StillEmployed,Active,Production       ,Kelley Spirea,18,LinkedIn,Fully Meets,3,Fully Meets3,TRUE,4.2,4,0,2/26/19,0,12,4430.92,40.89
"Gentry, Mildred",10159,1,1,0,1,5,0,51337,0,19,Production Technician I,MA,2145,10/1/90,F,Married,US Citizen,No,Black or African American,3/30/15,,N/A-StillEmployed,Active,Production       ,Michael Albert,22,LinkedIn,Fully Meets,3,Fully Meets3,TRUE,3.73,3,0,1/16/19,0,19,4278.08,34.05
"Gerke, Melisa",10122,0,2,0,5,5,1,51505,1,19,Production Technician I,MA,2330,5/15/70,F,Divorced,US Citizen,No,Black or African American,11/7/11,11/15/16,hours,Voluntarily Terminated,Production       ,Elijiah Gray,16,Diversity Job Fair,Fully Meets,3,Fully Meets3,TRUE,4.24,4,0,4/29/16,0,2,4292.08,54.45
"Gill, Whitney  ",10142,0,4,0,4,6,0,59370,1,3,Area Sales Manager,OH,43050,7/10/71,F,Widowed,US Citizen,No,Black or African American,7/7/14,9/5/15,attendance,Terminated for Cause,Sales,John Smith,17,CareerBuilder,Fully Meets,3,Fully Meets3,TRUE,3.97,4,0,1/15/14,0,7,4947.5,53.3
"Gilles, Alex",10283,1,1,1,5,5,1,54933,1,19,Production Technician I,MA,2062,8/9/74,M ,Married,US Citizen,No,Black or African American,4/2/12,6/25/15,military,Voluntarily Terminated,Production       ,Webster Butler,39,Diversity Job Fair,Needs Improvement,2,Needs Improvement2,TRUE,3.97,4,0,1/20/15,3,15,4577.75,50.21
"Girifalco, Evelyn",10018,0,0,0,1,5,0,57815,0,19,Production Technician I,MA,2451,5/8/80,F,Single,US Citizen,Yes,Two or more races,9/29/14,,N/A-StillEmployed,Active,Production       ,Amy Dunn,11,Indeed,Exceeds,4,Exceeds4,TRUE,3.9,4,0,2/7/19,0,3,4817.92,44.46
"Givens, Myriam",10255,0,0,0,1,6,0,61555,0,3,Area Sales Manager,IN,46204,9/22/89,F,Single,US Citizen,No,White,2/16/15,,N/A-StillEmployed,Active,Sales,Lynn Daneault,21,Indeed,Fully Meets,3,Fully Meets3,TRUE,4.5,5,0,1/25/19,0,20,5129.58,35.08
"Goble, Taisha",10246,0,0,0,4,3,0,114800,1,8,Database Administrator,MA,2127,10/23/71,F,Single,US Citizen,No,White,2/16/15,3/15/15,"no-call, no-show",Terminated for Cause,IT/IS,Simon Roup,4,Indeed,Fully Meets,3,Fully Meets3,TRUE,4.6,4,4,1/20/15,0,10,9566.67,53.01
"Goeth, Amon",10228,1,1,1,1,3,0,74679,0,14,IT Support,MA,2135,11/24/89,M ,Married,US Citizen,Yes,White,3/30/15,,N/A-StillEmployed,Active,IT/IS,Peter Monroe,7,LinkedIn,Fully Meets,3,Fully Meets3,TRUE,4.3,5,7,1/10/19,0,20,6223.25,34.91
"Gold, Shenice  ",10243,0,0,0,1,5,0,53018,0,19,Production Technician I,MA,2451,6/18/92,F,Single,US Citizen,Yes,White,11/11/13,,N/A-StillEmployed,Active,Production       ,Ketsia Liebig,19,Indeed,Fully Meets,3,Fully Meets3,TRUE,4.3,5,0,2/18/19,0,7,4418.17,32.34
"Gonzalez, Cayo",10031,0,2,1,1,5,1,59892,0,19,Production Technician I,MA,2108,9/29/69,M ,Divorced,US Citizen,No,Black or African American,7/11/11,,N/A-StillEmployed,Active,Production       ,Brannon Miller,12,Diversity Job Fair,Exceeds,4,Exceeds4,TRUE,4.5,4,0,2/18/19,0,1,4991,55.07
"Gonzalez, Juan",10300,1,1,1,5,5,1,68898,1,20,Production Technician II,MA,2128,10/12/64,M ,Married,US Citizen,No,Black or African American,4/26/10,5/30/11,career change,Voluntarily Terminated,Production       ,Brannon Miller,12,Diversity Job Fair,PIP,1,PIP1,TRUE,3,3,0,3/6/11,3,10,5741.5,60.04
"Gonzalez, Maria",10101,0,3,0,1,3,0,61242,0,14,IT Support,MA,2472,4/16/81,F,Separated,US Citizen,Yes,White,1/5/15,,N/A-StillEmployed,Active,IT/IS,Peter Monroe,7,Employee Referral,Fully Meets,3,Fully Meets3,TRUE,4.61,4,5,1/28/19,0,11,5103.5,43.52
"Good, Susan",10237,1,1,0,3,5,0,66825,0,20,Production Technician II,MA,1886,5/25/86,F,Married,US Citizen,No,White,5/12/14,,N/A-StillEmployed,Active,Production       ,David Stanley,14,LinkedIn,Fully Meets,3,Fully Meets3,TRUE,4.6,3,0,2/7/19,0,20,5568.75,38.41
"Gordon, David",10051,1,1,1,1,5,0,48285,0,19,Production Technician I,MA,2169,5/21/79,M ,Married,US Citizen,No,White,7/2/12,,N/A-StillEmployed,Active,Production       ,David Stanley,14,LinkedIn,Fully Meets,3,Fully Meets3,TRUE,5,3,0,1/14/19,0,2,4023.75,45.43
"Gosciminski, Phylicia  ",10218,0,3,0,3,5,0,66149,0,20,Production Technician II,MA,1824,12/8/83,F,Separated,US Citizen,No,American Indian or Alaska Native,9/30/13,,N/A-StillEmployed,Active,Production       ,Kissy Sullivan,20,Google Search,Fully Meets,3,Fully Meets3,TRUE,4.4,5,0,2/21/19,0,1,5512.42,40.87
"Goyal, Roxana",10256,1,1,0,3,5,0,49256,0,19,Production Technician I,MA,1864,10/9/74,F,Married,US Citizen,No,Asian,8/19/13,,N/A-StillEmployed,Active,Production       ,Kissy Sullivan,20,LinkedIn,Fully Meets,3,Fully Meets3,TRUE,4.1,5,0,2/15/19,0,3,4104.67,50.04
"Gray, Elijiah  ",10098,0,2,1,1,5,0,62957,0,18,Production Manager,MA,1752,7/11/81,M ,Divorced,US Citizen,No,White,6/2/15,,N/A-StillEmployed,Active,Production       ,Janet King,2,Employee Referral,Fully Meets,3,Fully Meets3,TRUE,4.63,3,0,1/4/19,0,2,5246.42,43.28
"Gross, Paula",10059,0,2,0,5,5,0,63813,1,19,Production Technician I,MA,2176,5/21/83,F,Divorced,US Citizen,No,White,2/21/11,1/11/14,more money,Voluntarily Terminated,Production       ,Kelley Spirea,18,CareerBuilder,Fully Meets,3,Fully Meets3,TRUE,5,5,0,6/3/13,0,17,5317.75,41.42
"Gruber, Hans",10234,1,1,1,1,3,0,99020,0,4,BI Developer,MA,2134,6/30/89,M ,Married,US Citizen,No,Black or African American,4/20/17,,N/A-StillEmployed,Active,IT/IS,Brian Champaigne,13,Indeed,Fully Meets,3,Fully Meets3,TRUE,4.2,5,5,1/28/19,0,8,8251.67,35.31
"Guilianno, Mike",10109,0,0,1,5,6,0,71707,1,3,Area Sales Manager,TN,37129,2/9/69,M ,Single,US Citizen,No,Two or more races,3/7/12,10/31/14,relocation out of area,Voluntarily Terminated,Sales,John Smith,17,LinkedIn,Fully Meets,3,Fully Meets3,TRUE,4.5,5,0,2/1/13,0,20,5975.58,55.71
"Handschiegl, Joanne",10125,1,1,0,1,5,0,54828,0,19,Production Technician I,MA,2127,3/23/77,F,Married,US Citizen,No,White,11/28/11,,N/A-StillEmployed,Active,Production       ,Michael Albert,22,Google Search,Fully Meets,3,Fully Meets3,TRUE,4.2,4,0,2/22/19,0,13,4569,47.59
"Hankard, Earnest",10074,0,0,1,1,5,0,64246,0,20,Production Technician II,MA,2155,8/10/88,M ,Single,US Citizen,Yes,White,11/11/13,,N/A-StillEmployed,Active,Production       ,Kelley Spirea,18,LinkedIn,Fully Meets,3,Fully Meets3,TRUE,5,3,0,1/8/19,0,20,5353.83,36.2
"Harrington, Christie ",10097,0,0,0,5,5,0,52177,1,19,Production Technician I,MA,2324,8/18/52,F,Single,US Citizen,No,White,1/9/12,12/15/15,retiring,Voluntarily Terminated,Production       ,Webster Butler,39,CareerBuilder,Fully Meets,3,Fully Meets3,TRUE,4.64,4,0,5/2/15,0,8,4348.08,72.2
"Harrison, Kara",10007,1,1,0,1,5,0,62065,0,19,Production Technician I,MA,1886,5/2/74,F,Married,US Citizen,No,White,5/12/14,,N/A-StillEmployed,Active,Production       ,Amy Dunn,11,CareerBuilder,Exceeds,4,Exceeds4,TRUE,4.76,4,0,2/15/19,0,5,5172.08,50.48
"Heitzman, Anthony",10129,0,0,1,1,5,0,46998,0,19,Production Technician I,MA,2149,1/4/84,M ,Single,US Citizen,No,White,8/13/12,,N/A-StillEmployed,Active,Production       ,Ketsia Liebig,19,Google Search,Fully Meets,3,Fully Meets3,TRUE,4.17,4,0,2/11/19,0,1,3916.5,40.8
"Hendrickson, Trina",10075,0,0,0,5,5,0,68099,1,20,Production Technician II,MA,2021,8/27/72,F,Single,US Citizen,No,White,1/10/11,6/18/13,hours,Voluntarily Terminated,Production       ,Kelley Spirea,18,CareerBuilder,Fully Meets,3,Fully Meets3,TRUE,5,3,0,1/30/13,0,15,5674.92,52.16
"Hitchcock, Alfred",10167,1,1,1,1,6,0,70545,0,3,Area Sales Manager,NH,3062,9/14/88,M ,Married,US Citizen,No,American Indian or Alaska Native,8/18/14,,N/A-StillEmployed,Active,Sales,John Smith,17,Indeed,Fully Meets,3,Fully Meets3,TRUE,3.6,5,0,1/30/19,0,9,5878.75,36.1
"Homberger, Adrienne  J",10195,1,1,0,5,5,0,63478,1,20,Production Technician II,MA,2445,2/16/84,F,Married,Non-Citizen,No,White,8/15/11,4/7/12,relocation out of area,Voluntarily Terminated,Production       ,Michael Albert,30,Indeed,Fully Meets,3,Fully Meets3,TRUE,3.03,5,0,3/5/12,0,16,5289.83,40.68
"Horton, Jayne",10112,0,0,0,1,3,0,97999,0,8,Database Administrator,MA,2493,2/21/84,F,Single,US Citizen,No,White,3/30/15,,N/A-StillEmployed,Active,IT/IS,Simon Roup,4,Indeed,Fully Meets,3,Fully Meets3,TRUE,4.48,5,6,1/3/19,0,4,8166.58,40.67
"Houlihan, Debra",10272,1,1,0,1,6,0,180000,0,11,Director of Sales,RI,2908,3/17/66,F,Married,US Citizen,No,White,5/5/14,,N/A-StillEmployed,Active,Sales,Janet King,2,LinkedIn,Fully Meets,3,Fully Meets3,TRUE,4.5,4,0,1/21/19,0,19,15000,58.61
"Howard, Estelle",10182,1,1,0,1,1,0,49920,1,2,Administrative Assistant,MA,2170,9/16/85,F,Married,US Citizen,No,Black or African American,2/16/15,4/15/15,"no-call, no-show",Terminated for Cause,Admin Offices,Brandon R. LeBlanc,1,Indeed,Fully Meets,3,Fully Meets3,TRUE,3.24,3,4,4/15/15,0,6,4160,39.1
"Hudson, Jane",10248,0,0,0,1,5,0,55425,0,19,Production Technician I,MA,2176,6/10/86,F,Single,US Citizen,No,White,2/20/12,,N/A-StillEmployed,Active,Production       ,Ketsia Liebig,19,LinkedIn,Fully Meets,3,Fully Meets3,TRUE,4.8,4,0,1/7/19,0,4,4618.75,38.37
"Hunts, Julissa",10201,0,0,0,2,5,0,69340,0,20,Production Technician II,MA,2021,3/11/84,F,Single,US Citizen,No,White,6/6/16,,N/A-StillEmployed,Active,Production       ,Elijiah Gray,16,LinkedIn,Fully Meets,3,Fully Meets3,TRUE,3,5,0,1/18/19,0,4,5778.33,40.62
"Hutter, Rosalie",10214,0,3,0,2,5,0,64995,0,20,Production Technician II,MA,2351,5/7/92,F,Separated,US Citizen,No,White,6/5/15,,N/A-StillEmployed,Active,Production       ,Webster Butler,,Indeed,Fully Meets,3,Fully Meets3,TRUE,4.5,3,0,2/14/19,0,6,5416.25,32.45
"Huynh, Ming",10160,0,2,0,5,5,0,68182,1,20,Production Technician II,MA,1742,9/22/76,F,Divorced,US Citizen,No,White,2/21/11,4/1/13,unhappy,Voluntarily Terminated,Production       ,Amy Dunn,11,Google Search,Fully Meets,3,Fully Meets3,TRUE,3.72,3,0,2/1/13,0,18,5681.83,48.09
"Immediato, Walter",10289,1,1,1,5,5,0,83082,1,18,Production Manager,MA,2128,11/15/76,M ,Married,US Citizen,No,Asian,2/21/11,9/24/12,unhappy,Voluntarily Terminated,Production       ,Janet King,2,Indeed,Needs Improvement,2,Needs Improvement2,TRUE,2.34,2,0,4/12/12,3,4,6923.5,47.94
"Ivey, Rose ",10139,0,0,0,1,5,0,51908,0,19,Production Technician I,MA,1775,1/28/91,F,Single,US Citizen,No,White,8/19/13,,N/A-StillEmployed,Active,Production       ,Brannon Miller,12,Indeed,Fully Meets,3,Fully Meets3,TRUE,3.99,3,0,1/14/19,0,14,4325.67,33.73
"Jackson, Maryellen",10227,0,0,0,1,5,0,61242,0,19,Production Technician I,MA,2081,9/11/72,F,Single,US Citizen,No,Black or African American,11/5/12,,N/A-StillEmployed,Active,Production       ,David Stanley,14,LinkedIn,Fully Meets,3,Fully Meets3,TRUE,4.1,3,0,1/17/19,0,7,5103.5,52.12
"Jacobi, Hannah  ",10236,0,2,0,1,5,0,45069,0,19,Production Technician I,MA,1778,3/22/66,F,Divorced,US Citizen,No,White,9/30/13,,N/A-StillEmployed,Active,Production       ,Kissy Sullivan,20,Employee Referral,Fully Meets,3,Fully Meets3,TRUE,4.3,5,0,2/22/19,0,7,3755.75,58.6
"Jeannite, Tayana",10009,0,2,0,1,5,0,60724,0,20,Production Technician II,MA,1821,11/6/86,F,Divorced,US Citizen,No,American Indian or Alaska Native,7/5/11,,N/A-StillEmployed,Active,Production       ,Ketsia Liebig,19,LinkedIn,Exceeds,4,Exceeds4,TRUE,4.6,4,0,2/25/19,0,11,5060.33,37.96
"Jhaveri, Sneha  ",10060,0,3,0,1,5,0,60436,0,19,Production Technician I,MA,2109,4/13/64,F,Separated,US Citizen,No,White,1/6/14,,N/A-StillEmployed,Active,Production       ,Kelley Spirea,18,LinkedIn,Fully Meets,3,Fully Meets3,TRUE,5,5,0,1/21/19,0,9,5036.33,60.54
"Johnson, George",10034,1,1,1,5,5,0,46837,1,19,Production Technician I,MA,2445,8/19/59,M ,Married,US Citizen,No,White,11/7/11,4/29/18,more money,Voluntarily Terminated,Production       ,Michael Albert,22,CareerBuilder,Exceeds,4,Exceeds4,TRUE,4.7,4,0,2/14/18,0,9,3903.08,65.19
"Johnson, Noelle ",10156,1,1,0,3,3,0,105700,0,8,Database Administrator,MA,2301,11/7/86,F,Married,US Citizen,No,Asian,1/5/15,,N/A-StillEmployed,Active,IT/IS,Simon Roup,4,Indeed,Fully Meets,3,Fully Meets3,TRUE,3.75,3,5,2/11/19,0,2,8808.33,37.96
"Johnston, Yen",10036,0,0,0,1,5,0,63322,0,20,Production Technician II,MA,2128,9/8/69,F,Single,US Citizen,No,White,7/7/14,,N/A-StillEmployed,Active,Production       ,Brannon Miller,12,LinkedIn,Exceeds,4,Exceeds4,TRUE,4.3,3,0,1/11/19,0,1,5276.83,55.13
"Jung, Judy  ",10138,1,1,0,5,5,0,61154,1,19,Production Technician I,MA,2446,4/17/86,F,Married,US Citizen,No,Black or African American,1/10/11,4/1/16,unhappy,Voluntarily Terminated,Production       ,Elijiah Gray,16,CareerBuilder,Fully Meets,3,Fully Meets3,TRUE,4,4,0,2/3/16,0,4,5096.17,38.52
"Kampew, Donysha",10244,0,0,0,5,6,0,68999,1,21,Sales Manager,PA,19444,11/11/89,F,Single,US Citizen,No,White,11/7/11,4/24/14,maternity leave - did not return,Voluntarily Terminated,Sales,Debra Houlihan,15,Google Search,Fully Meets,3,Fully Meets3,TRUE,4.5,5,0,3/30/13,0,2,5749.92,34.94
"Keatts, Kramer ",10192,0,0,1,1,5,0,50482,0,19,Production Technician I,MA,1887,1/19/76,M ,Single,US Citizen,No,White,9/30/13,,N/A-StillEmployed,Active,Production       ,Michael Albert,22,Indeed,Fully Meets,3,Fully Meets3,TRUE,3.07,4,0,1/23/19,0,10,4206.83,48.76
"Khemmich, Bartholemew",10231,0,0,1,1,6,0,65310,0,3,Area Sales Manager,CO,80820,11/27/79,M ,Single,US Citizen,No,White,8/19/13,,N/A-StillEmployed,Active,Sales,Lynn Daneault,21,Indeed,Fully Meets,3,Fully Meets3,TRUE,4.3,5,0,1/22/19,0,13,5442.5,44.91
"King, Janet",10089,1,1,0,1,2,0,250000,0,16,President & CEO,MA,1902,9/21/54,F,Married,US Citizen,Yes,White,7/2/12,,N/A-StillEmployed,Active,Executive Office,Board of Directors,9,Indeed,Fully Meets,3,Fully Meets3,TRUE,4.83,3,0,1/17/19,0,10,20833.33,70.11
"Kinsella, Kathleen  ",10166,1,1,0,5,5,0,54005,1,19,Production Technician I,MA,2170,12/8/73,F,Married,US Citizen,No,White,9/26/11,6/4/15,more money,Voluntarily Terminated,Production       ,Webster Butler,39,Google Search,Fully Meets,3,Fully Meets3,TRUE,3.6,5,0,3/1/15,0,16,4500.42,50.88
"Kirill, Alexandra  ",10170,1,1,0,5,5,0,45433,1,19,Production Technician I,MA,2127,10/8/70,F,Married,US Citizen,No,White,9/26/11,1/9/14,more money,Voluntarily Terminated,Production       ,Amy Dunn,11,Google Search,Fully Meets,3,Fully Meets3,TRUE,3.49,4,0,1/30/13,0,6,3786.08,54.05
"Knapp, Bradley  J",10208,0,0,1,1,5,0,46654,0,19,Production Technician I,MA,1721,11/10/77,M ,Single,US Citizen,No,Black or African American,2/17/14,,N/A-StillEmployed,Active,Production       ,Ketsia Liebig,19,LinkedIn,Fully Meets,3,Fully Meets3,TRUE,3.1,3,0,2/6/19,0,3,3887.83,46.95
"Kretschmer, John",10176,1,1,1,1,5,0,63973,0,19,Production Technician I,MA,1801,2/2/80,M ,Married,US Citizen,No,Asian,1/10/11,,N/A-StillEmployed,Active,Production       ,Brannon Miller,12,Indeed,Fully Meets,3,Fully Meets3,TRUE,3.38,3,0,1/21/19,0,17,5331.08,44.72
"Kreuger, Freddy",10165,0,0,1,1,6,1,71339,0,3,Area Sales Manager,NY,10171,2/24/69,M ,Single,US Citizen,Yes,Black or African American,3/7/11,,N/A-StillEmployed,Active,Sales,John Smith,17,Diversity Job Fair,Fully Meets,3,Fully Meets3,TRUE,3.65,5,0,1/17/19,0,20,5944.92,55.67
"Lajiri,  Jyoti",10113,1,1,1,3,3,0,93206,0,28,Sr. Network Engineer,MA,2169,4/23/86,M ,Married,US Citizen,No,White,11/10/14,,N/A-StillEmployed,Active,IT/IS,Peter Monroe,7,Employee Referral,Fully Meets,3,Fully Meets3,TRUE,4.46,5,6,1/7/19,0,7,7767.17,38.5
"Landa, Hans",10092,1,1,1,4,5,0,82758,1,18,Production Manager,MA,1890,7/1/72,M ,Married,US Citizen,No,White,1/10/11,12/12/15,attendance,Terminated for Cause,Production       ,Janet King,2,Employee Referral,Fully Meets,3,Fully Meets3,TRUE,4.78,4,0,2/15/15,0,9,6896.5,52.32
"Langford, Lindsey",10106,0,2,0,5,5,0,66074,1,20,Production Technician II,MA,2090,7/25/79,F,Divorced,US Citizen,No,Asian,1/7/13,3/31/14,Another position,Voluntarily Terminated,Production       ,David Stanley,14,Indeed,Fully Meets,3,Fully Meets3,TRUE,4.52,3,0,2/20/14,0,20,5506.17,45.25
"Langton, Enrico",10052,1,1,1,1,5,0,46120,0,19,Production Technician I,MA,2048,12/9/86,M ,Married,US Citizen,No,White,7/9/12,,N/A-StillEmployed,Active,Production       ,David Stanley,14,LinkedIn,Fully Meets,3,Fully Meets3,TRUE,5,5,0,2/4/19,0,13,3843.33,37.87
"LaRotonda, William  ",10038,0,2,1,1,1,0,64520,0,1,Accountant I,MA,1460,4/26/84,M ,Divorced,US Citizen,No,Black or African American,1/6/14,,N/A-StillEmployed,Active,Admin Offices,Brandon R. LeBlanc,1,Website,Fully Meets,3,Fully Meets3,TRUE,5,4,4,1/17/19,0,3,5376.67,40.49
"Latif, Mohammed",10249,1,1,1,5,5,0,61962,1,20,Production Technician II,MA,2126,5/9/84,M ,Married,US Citizen,No,White,4/2/12,4/15/13,more money,Voluntarily Terminated,Production       ,Kissy Sullivan,20,Google Search,Fully Meets,3,Fully Meets3,TRUE,4.9,3,0,2/20/13,0,20,5163.5,40.45
"Le, Binh",10232,0,0,0,1,3,0,81584,0,22,Senior BI Developer,MA,1886,6/14/87,F,Single,US Citizen,No,Asian,10/2/16,,N/A-StillEmployed,Active,IT/IS,Brian Champaigne,13,Indeed,Fully Meets,3,Fully Meets3,TRUE,4.1,5,7,1/8/19,0,2,6798.67,37.36
"Leach, Dallas",10087,0,0,0,5,5,0,63676,1,19,Production Technician I,MA,1810,1/17/79,F,Single,US Citizen,No,Asian,9/26/11,8/19/18,return to school,Voluntarily Terminated,Production       ,Kissy Sullivan,20,CareerBuilder,Fully Meets,3,Fully Meets3,TRUE,4.88,3,0,7/2/17,0,17,5306.33,45.77
"LeBlanc, Brandon  R",10134,1,1,1,1,1,0,93046,0,23,Shared Services Manager,MA,1460,6/10/84,M ,Married,US Citizen,No,White,1/5/16,,N/A-StillEmployed,Active,Admin Offices,Janet King,2,CareerBuilder,Fully Meets,3,Fully Meets3,TRUE,4.1,4,0,1/28/19,0,20,7753.83,40.37
"Lecter, Hannibal",10251,1,1,1,1,5,0,64738,0,19,Production Technician I,MA,1776,9/2/82,M ,Married,US Citizen,No,Asian,5/14/12,,N/A-StillEmployed,Active,Production       ,Elijiah Gray,16,Google Search,Fully Meets,3,Fully Meets3,TRUE,4.1,3,0,2/22/19,0,10,5394.83,42.14
"Leruth, Giovanni",10103,0,3,1,1,6,0,70468,0,3,Area Sales Manager,UT,84111,12/27/88,M ,Separated,US Citizen,No,Black or African American,4/30/12,,N/A-StillEmployed,Active,Sales,John Smith,17,Website,Fully Meets,3,Fully Meets3,TRUE,4.53,3,0,1/29/19,0,16,5872.33,35.82
"Liebig, Ketsia",10017,1,1,0,1,5,0,77915,0,18,Production Manager,MA,2110,10/26/81,F,Married,US Citizen,No,White,9/30/13,,N/A-StillEmployed,Active,Production       ,Janet King,2,Website,Exceeds,4,Exceeds4,TRUE,4.1,3,0,1/21/19,0,11,6492.92,42.99
"Linares, Marilyn ",10186,1,1,0,5,5,0,52624,1,19,Production Technician I,MA,1886,3/26/81,F,Married,US Citizen,No,White,7/5/11,9/26/18,unhappy,Voluntarily Terminated,Production       ,Michael Albert,22,Indeed,Fully Meets,3,Fully Meets3,TRUE,3.18,4,0,3/2/18,0,16,4385.33,43.58
"Linden, Mathew",10137,1,1,1,3,5,0,63450,0,20,Production Technician II,MA,1770,3/19/79,M ,Married,US Citizen,No,White,7/8/13,,N/A-StillEmployed,Active,Production       ,Kelley Spirea,18,LinkedIn,Fully Meets,3,Fully Meets3,TRUE,4,3,0,2/18/19,0,7,5287.5,45.6
"Lindsay, Leonara ",10008,0,0,0,1,3,1,51777,0,14,IT Support,CT,6070,10/5/88,F,Single,US Citizen,Yes,Black or African American,1/21/11,,N/A-StillEmployed,Active,IT/IS,Eric Dougall,6,Diversity Job Fair,Exceeds,4,Exceeds4,TRUE,4.64,4,5,1/25/19,0,14,4314.75,36.04
"Lundy, Susan",10096,0,4,0,5,5,0,67237,1,20,Production Technician II,MA,2122,12/26/76,F,Widowed,US Citizen,No,White,7/8/13,9/15/16,more money,Voluntarily Terminated,Production       ,Michael Albert,22,LinkedIn,Fully Meets,3,Fully Meets3,TRUE,4.65,4,0,6/10/16,0,15,5603.08,47.83
"Lunquist, Lisa",10035,0,0,0,1,5,0,73330,0,20,Production Technician II,MA,2324,3/28/82,F,Single,US Citizen,No,Black or African American,8/19/13,,N/A-StillEmployed,Active,Production       ,Elijiah Gray,16,Indeed,Exceeds,4,Exceeds4,TRUE,4.2,4,0,2/12/19,0,19,6110.83,42.57
"Lydon, Allison",10057,1,1,0,3,5,0,52057,0,19,Production Technician I,MA,2122,10/22/75,F,Married,US Citizen,No,Black or African American,2/16/15,,N/A-StillEmployed,Active,Production       ,Elijiah Gray,16,Website,Fully Meets,3,Fully Meets3,TRUE,5,3,0,1/23/19,0,6,4338.08,49.01
"Lynch, Lindsay",10004,0,0,0,5,5,1,47434,1,19,Production Technician I,MA,1844,2/14/73,F,Single,US Citizen,Yes,Black or African American,11/7/11,11/14/15,Another position,Voluntarily Terminated,Production       ,Webster Butler,39,Diversity Job Fair,Exceeds,4,Exceeds4,TRUE,5,4,0,2/2/15,0,17,3952.83,51.69
"MacLennan, Samuel",10191,0,4,1,5,5,0,52788,1,19,Production Technician I,MA,1938,11/9/72,M ,Widowed,US Citizen,No,White,9/24/12,9/26/17,hours,Voluntarily Terminated,Production       ,Amy Dunn,11,Indeed,Fully Meets,3,Fully Meets3,TRUE,3.08,4,0,4/1/17,0,18,4399,51.96
"Mahoney, Lauren  ",10219,0,0,0,1,5,0,45395,0,19,Production Technician I,MA,2189,7/7/86,F,Single,US Citizen,No,White,1/6/14,,N/A-StillEmployed,Active,Production       ,Ketsia Liebig,19,LinkedIn,Fully Meets,3,Fully Meets3,TRUE,4.6,4,0,2/26/19,0,14,3782.92,38.29
"Manchester, Robyn",10077,1,1,0,2,5,0,62385,0,20,Production Technician II,MA,2324,8/25/76,F,Married,US Citizen,No,White,5/11/16,,N/A-StillEmployed,Active,Production       ,Webster Butler,,LinkedIn,Fully Meets,3,Fully Meets3,TRUE,5,3,0,1/21/19,0,4,5198.75,48.16
"Mancuso, Karen",10073,1,1,0,5,5,0,68407,1,20,Production Technician II,MA,2176,12/10/86,F,Married,US Citizen,No,Two or more races,7/5/11,8/19/12,Another position,Voluntarily Terminated,Production       ,Amy Dunn,11,LinkedIn,Fully Meets,3,Fully Meets3,TRUE,5,4,0,7/2/12,0,16,5700.58,37.87
"Mangal, Debbie",10279,1,1,0,1,5,0,61349,0,19,Production Technician I,MA,2451,11/7/74,F,Married,US Citizen,No,White,11/11/13,,N/A-StillEmployed,Active,Production       ,Brannon Miller,12,LinkedIn,Fully Meets,3,Fully Meets3,TRUE,4.1,3,0,1/22/19,0,11,5112.42,49.96
"Martin, Sandra",10110,0,0,0,1,4,0,105688,0,24,Software Engineer,MA,2135,11/7/87,F,Single,US Citizen,No,Asian,11/11/13,,N/A-StillEmployed,Active,Software Engineering,Alex Sweetwater,10,Google Search,Fully Meets,3,Fully Meets3,TRUE,4.5,5,4,1/14/19,0,14,8807.33,36.96
"Maurice, Shana",10053,1,1,0,1,5,0,54132,0,19,Production Technician I,MA,2330,11/22/77,F,Married,US Citizen,No,White,5/31/11,,N/A-StillEmployed,Active,Production       ,David Stanley,14,Indeed,Fully Meets,3,Fully Meets3,TRUE,5,4,0,1/10/19,0,8,4511,46.92
"Carthy, B'rigit",10076,0,0,0,1,5,0,55315,0,20,Production Technician II,MA,2149,5/21/87,F,Single,US Citizen,No,Black or African American,3/30/15,,N/A-StillEmployed,Active,Production       ,Ketsia Liebig,19,LinkedIn,Fully Meets,3,Fully Meets3,TRUE,5,5,0,2/7/19,0,16,4609.58,37.42
"Mckenna, Sandy",10145,1,1,0,1,5,0,62810,0,19,Production Technician I,MA,2184,1/7/87,F,Married,US Citizen,No,Black or African American,1/7/13,,N/A-StillEmployed,Active,Production       ,Kissy Sullivan,20,CareerBuilder,Fully Meets,3,Fully Meets3,TRUE,3.93,3,0,1/30/19,0,20,5234.17,37.79
"McKinzie, Jac",10202,1,1,1,2,6,0,63291,0,3,Area Sales Manager,TX,78789,7/1/84,M ,Married,US Citizen,No,Two or more races,7/6/16,,N/A-StillEmployed,Active,Sales,Lynn Daneault,21,Website,Fully Meets,3,Fully Meets3,TRUE,3.4,4,0,1/29/19,0,7,5274.25,40.31
"Meads, Elizabeth",10128,0,0,0,5,5,1,62659,1,19,Production Technician I,MA,1760,5/30/68,F,Single,US Citizen,No,Black or African American,4/2/12,11/11/16,Another position,Voluntarily Terminated,Production       ,Kelley Spirea,18,Diversity Job Fair,Fully Meets,3,Fully Meets3,TRUE,4.18,4,0,2/5/16,0,17,5221.58,56.41
"Medeiros, Jennifer",10068,0,0,0,1,5,0,55688,0,19,Production Technician I,MA,2346,9/22/76,F,Single,US Citizen,No,White,3/30/15,,N/A-StillEmployed,Active,Production       ,Michael Albert,22,CareerBuilder,Fully Meets,3,Fully Meets3,TRUE,5,4,0,1/21/19,0,10,4640.67,48.09
"Miller, Brannon",10116,0,0,1,1,5,0,83667,0,18,Production Manager,MA,2045,8/10/81,M ,Single,US Citizen,yes,Hispanic,8/16/12,,N/A-StillEmployed,Active,Production       ,Janet King,2,Indeed,Fully Meets,3,Fully Meets3,TRUE,4.37,3,0,1/14/19,0,2,6972.25,43.2
"Miller, Ned",10298,0,0,1,5,5,0,55800,1,20,Production Technician II,MA,2472,6/29/85,M ,Single,US Citizen,No,White,8/15/11,9/4/14,unhappy,Voluntarily Terminated,Production       ,Brannon Miller,12,LinkedIn,PIP,1,PIP1,TRUE,3,2,0,1/14/13,6,6,4650,39.32
"Monkfish, Erasumus",10213,1,1,1,1,5,0,58207,0,20,Production Technician II,MA,1450,8/17/92,M ,Married,US Citizen,No,White,11/7/11,,N/A-StillEmployed,Active,Production       ,David Stanley,14,LinkedIn,Fully Meets,3,Fully Meets3,TRUE,3.7,3,0,1/8/19,0,14,4850.58,32.18
"Monroe, Peter",10288,1,1,1,1,3,1,157000,0,13,IT Manager - Infra,MA,2134,10/5/86,M ,Married,Eligible NonCitizen,Yes,Black or African American,2/15/12,,N/A-StillEmployed,Active,IT/IS,Jennifer Zamora,5,Diversity Job Fair,Needs Improvement,2,Needs Improvement2,TRUE,2.39,3,6,2/22/19,4,13,13083.33,38.05
"Monterro, Luisa",10025,0,0,0,1,5,0,72460,0,20,Production Technician II,MA,2126,4/24/70,F,Single,US Citizen,No,Black or African American,5/13/13,,N/A-StillEmployed,Active,Production       ,Kissy Sullivan,20,Indeed,Exceeds,4,Exceeds4,TRUE,4.7,3,0,1/14/19,0,1,6038.33,54.51
"Moran, Patrick",10223,0,0,1,3,5,1,72106,0,20,Production Technician II,MA,2127,12/3/76,M ,Single,US Citizen,No,Black or African American,1/9/12,,N/A-StillEmployed,Active,Production       ,Kelley Spirea,18,Diversity Job Fair,Fully Meets,3,Fully Meets3,TRUE,4.1,4,0,1/31/19,0,12,6008.83,47.89
"Morway, Tanya",10151,1,1,0,1,3,0,52599,0,15,Network Engineer,MA,2048,4/4/79,F,Married,US Citizen,No,White,2/16/15,,N/A-StillEmployed,Active,IT/IS,Peter Monroe,7,CareerBuilder,Fully Meets,3,Fully Meets3,TRUE,3.81,3,6,2/11/19,0,6,4383.25,45.56
"Motlagh,  Dawn",10254,0,2,0,1,5,0,63430,0,19,Production Technician I,MA,2453,7/7/84,F,Divorced,US Citizen,No,White,4/1/13,,N/A-StillEmployed,Active,Production       ,Elijiah Gray,16,LinkedIn,Fully Meets,3,Fully Meets3,TRUE,4.4,4,0,1/17/19,0,18,5285.83,40.29
"Moumanil, Maliki ",10120,0,3,1,1,5,0,74417,0,20,Production Technician II,MA,1460,12/1/74,M ,Separated,US Citizen,No,Black or African American,5/13/13,,N/A-StillEmployed,Active,Production       ,Michael Albert,22,LinkedIn,Fully Meets,3,Fully Meets3,TRUE,4.29,5,0,1/28/19,0,11,6201.42,49.9
"Myers, Michael",10216,0,0,1,1,5,0,57575,0,19,Production Technician I,MA,1550,4/18/80,M ,Single,US Citizen,No,Asian,7/8/13,,N/A-StillEmployed,Active,Production       ,Kissy Sullivan,20,LinkedIn,Fully Meets,3,Fully Meets3,TRUE,4.1,4,0,1/22/19,0,13,4797.92,44.52
"Navathe, Kurt",10079,0,0,1,1,3,0,87921,0,22,Senior BI Developer,MA,2056,4/25/70,M ,Single,US Citizen,No,Asian,2/10/17,,N/A-StillEmployed,Active,IT/IS,Brian Champaigne,13,Indeed,Fully Meets,3,Fully Meets3,TRUE,5,3,6,2/25/19,0,17,7326.75,54.5
"Ndzi, Colombui",10215,0,0,1,5,5,1,50470,1,19,Production Technician I,MA,2110,5/2/89,M ,Single,US Citizen,No,Black or African American,9/26/11,4/4/14,return to school,Voluntarily Terminated,Production       ,Webster Butler,39,Diversity Job Fair,Fully Meets,3,Fully Meets3,TRUE,4.3,3,0,3/2/13,0,19,4205.83,35.47
"Ndzi, Horia",10185,1,1,1,5,5,0,46664,1,19,Production Technician I,MA,2421,3/28/83,M ,Married,US Citizen,No,White,4/1/13,5/25/16,more money,Voluntarily Terminated,Production       ,Amy Dunn,11,Employee Referral,Fully Meets,3,Fully Meets3,TRUE,3.18,3,0,3/6/16,0,10,3888.67,41.57
"Newman, Richard ",10063,1,1,1,3,5,0,48495,0,19,Production Technician I,MA,2136,4/8/77,M ,Married,US Citizen,No,White,5/12/14,,N/A-StillEmployed,Active,Production       ,Ketsia Liebig,19,LinkedIn,Fully Meets,3,Fully Meets3,TRUE,5,5,0,2/18/19,0,11,4041.25,47.55
"Ngodup, Shari ",10037,0,3,0,1,5,1,52984,0,19,Production Technician I,MA,1810,6/3/67,F,Separated,US Citizen,No,Black or African American,4/1/13,,N/A-StillEmployed,Active,Production       ,Brannon Miller,12,Diversity Job Fair,Exceeds,4,Exceeds4,TRUE,4,3,0,2/13/19,0,12,4415.33,57.4
"Nguyen, Dheepa",10042,0,0,0,1,6,0,63695,0,3,Area Sales Manager,GA,30428,3/31/89,F,Single,US Citizen,No,Two or more races,7/8/13,,N/A-StillEmployed,Active,Sales,Lynn Daneault,21,Indeed,Fully Meets,3,Fully Meets3,TRUE,5,5,0,1/25/19,0,2,5307.92,35.56
"Nguyen, Lei-Ming",10206,0,0,0,1,5,0,62061,0,19,Production Technician I,MA,2132,7/7/84,F,Single,US Citizen,No,White,7/8/13,,N/A-StillEmployed,Active,Production       ,David Stanley,14,LinkedIn,Fully Meets,3,Fully Meets3,TRUE,3.6,5,0,1/2/19,0,4,5171.75,40.29
"Nowlan, Kristie",10104,0,0,0,1,5,0,66738,0,20,Production Technician II,MA,1040,11/23/85,F,Single,US Citizen,No,White,11/10/14,,N/A-StillEmployed,Active,Production       ,Elijiah Gray,16,Indeed,Fully Meets,3,Fully Meets3,TRUE,4.53,5,0,1/16/19,0,5,5561.5,38.91
"O'hare, Lynn",10303,0,0,0,4,5,0,52674,1,19,Production Technician I,MA,2152,9/30/80,F,Single,US Citizen,No,Two or more races,3/31/14,5/1/18,performance,Terminated for Cause,Production       ,Kissy Sullivan,20,LinkedIn,PIP,1,PIP1,TRUE,2.33,2,0,3/9/18,6,3,4389.5,44.06
"Oliver, Brooke ",10078,1,1,0,5,5,0,71966,1,20,Production Technician II,MA,2492,2/11/52,F,Married,US Citizen,No,Asian,5/14/12,8/19/13,unhappy,Voluntarily Terminated,Production       ,Webster Butler,39,LinkedIn,Fully Meets,3,Fully Meets3,TRUE,5,3,0,7/2/13,0,17,5997.17,72.72
"Onque, Jasmine",10121,0,0,0,1,6,0,63051,0,3,Area Sales Manager,FL,33174,5/11/90,F,Single,US Citizen,Yes,White,9/30/13,,N/A-StillEmployed,Active,Sales,Lynn Daneault,21,Indeed,Fully Meets,3,Fully Meets3,TRUE,4.28,3,0,1/25/19,0,1,5254.25,34.45
"Osturnka, Adeel",10021,1,1,1,1,5,0,47414,0,19,Production Technician I,MA,2478,12/11/76,M ,Married,US Citizen,No,White,9/30/13,,N/A-StillEmployed,Active,Production       ,Kelley Spirea,18,LinkedIn,Exceeds,4,Exceeds4,TRUE,5,3,0,2/7/19,0,13,3951.17,47.87
"Owad, Clinton",10281,0,0,1,1,5,0,53060,0,19,Production Technician I,MA,1760,11/24/79,M ,Single,US Citizen,No,Black or African American,2/17/14,,N/A-StillEmployed,Active,Production       ,Michael Albert,22,LinkedIn,Needs Improvement,2,Needs Improvement2,TRUE,4.25,3,0,2/4/19,4,6,4421.67,44.92
"Ozark, Travis",10041,0,0,1,1,6,0,68829,0,3,Area Sales Manager,NC,27229,5/19/82,M ,Single,US Citizen,No,White,1/5/15,,N/A-StillEmployed,Active,Sales,John Smith,17,Website,Fully Meets,3,Fully Meets3,TRUE,5,5,0,1/14/19,0,18,5735.75,42.43
"Panjwani, Nina",10148,1,1,0,5,5,0,63515,1,19,Production Technician I,MA,2351,5/1/79,F,Married,US Citizen,No,White,2/7/11,1/12/14,Another position,Voluntarily Terminated,Production       ,Elijiah Gray,16,Google Search,Fully Meets,3,Fully Meets3,TRUE,3.89,4,0,3/4/13,0,7,5292.92,45.48
"Patronick, Lucas",10005,0,0,1,5,4,1,108987,1,24,Software Engineer,MA,1844,2/20/79,M ,Single,US Citizen,No,Black or African American,11/7/11,9/7/15,Another position,Voluntarily Terminated,Software Engineering,Alex Sweetwater,10,Diversity Job Fair,Exceeds,4,Exceeds4,TRUE,5,5,3,8/16/15,0,13,9082.25,45.67
"Pearson, Randall",10259,1,1,1,5,3,0,93093,1,9,Data Analyst,MA,2747,9/5/84,M ,Married,US Citizen,No,White,12/1/14,5/1/16,performance,Voluntarily Terminated,IT/IS,Simon Roup,4,Employee Referral,Fully Meets,3,Fully Meets3,TRUE,4.7,4,5,1/16/16,0,19,7757.75,40.13
"Smith, Martin",10286,0,0,1,5,5,0,53564,1,19,Production Technician I,MA,2458,3/17/88,M ,Single,US Citizen,No,Black or African American,1/10/11,12/28/17,career change,Voluntarily Terminated,Production       ,Webster Butler,39,Google Search,Needs Improvement,2,Needs Improvement2,TRUE,3.54,5,0,4/6/17,4,15,4463.67,36.6
"Pelletier, Ermine",10297,1,1,0,5,5,0,60270,1,20,Production Technician II,MA,2472,7/18/89,F,Married,US Citizen,No,Asian,7/5/11,9/15/15,unhappy,Voluntarily Terminated,Production       ,Amy Dunn,11,CareerBuilder,Needs Improvement,2,Needs Improvement2,TRUE,2.4,5,0,2/6/15,5,2,5022.5,35.26
"Perry, Shakira",10171,0,0,0,5,5,0,45998,1,19,Production Technician I,MA,2176,7/20/86,F,Single,US Citizen,No,White,5/16/11,10/25/15,medical issues,Voluntarily Terminated,Production       ,Amy Dunn,11,LinkedIn,Fully Meets,3,Fully Meets3,TRUE,3.45,4,0,5/13/14,0,5,3833.17,38.26
"Peters, Lauren",10032,1,1,0,5,5,0,57954,1,20,Production Technician II,MA,1886,8/17/86,F,Married,US Citizen,No,White,5/16/11,2/4/13,more money,Voluntarily Terminated,Production       ,Ketsia Liebig,19,Indeed,Exceeds,4,Exceeds4,TRUE,4.2,5,0,1/10/13,0,12,4829.5,38.18
"Peterson, Ebonee  ",10130,1,1,0,5,5,0,74669,1,18,Production Manager,MA,2030,5/9/77,F,Married,US Citizen,No,White,10/25/10,5/18/16,Another position,Voluntarily Terminated,Production       ,Janet King,2,Indeed,Fully Meets,3,Fully Meets3,TRUE,4.16,5,0,3/5/15,0,6,6222.42,47.46
"Petingill, Shana  ",10217,1,1,0,1,5,0,74226,0,20,Production Technician II,MA,2050,3/10/79,F,Married,Eligible NonCitizen,No,Asian,4/2/12,,N/A-StillEmployed,Active,Production       ,Brannon Miller,12,LinkedIn,Fully Meets,3,Fully Meets3,TRUE,4.3,3,0,1/14/19,0,14,6185.5,45.62
"Petrowsky, Thelma",10016,1,1,0,1,3,0,93554,0,9,Data Analyst,MA,1886,9/16/84,F,Married,US Citizen,No,Black or African American,11/10/14,,N/A-StillEmployed,Active,IT/IS,Simon Roup,4,Employee Referral,Exceeds,4,Exceeds4,TRUE,4.6,5,7,1/4/19,0,16,7796.17,40.1
"Pham, Hong",10050,1,1,1,5,5,0,64724,1,19,Production Technician I,MA,2451,3/6/88,M ,Married,US Citizen,No,Asian,7/5/11,11/30/12,more money,Voluntarily Terminated,Production       ,Brannon Miller,12,Google Search,Fully Meets,3,Fully Meets3,TRUE,5,3,0,2/20/12,0,13,5393.67,36.63
"Pitt, Brad ",10164,0,0,1,1,5,0,47001,0,19,Production Technician I,MA,2451,11/23/81,M ,Single,US Citizen,No,White,11/5/07,,N/A-StillEmployed,Active,Production       ,David Stanley,14,Google Search,Fully Meets,3,Fully Meets3,TRUE,3.66,3,0,2/25/19,0,15,3916.75,42.92
"Potts, Xana",10124,1,1,0,1,6,0,61844,0,3,Area Sales Manager,KY,40220,8/29/88,F,Married,US Citizen,No,Black or African American,1/9/12,,N/A-StillEmployed,Active,Sales,Lynn Daneault,21,Website,Fully Meets,3,Fully Meets3,TRUE,4.2,5,0,2/1/19,0,9,5153.67,36.15
"Power, Morissa",10187,0,2,0,5,5,0,46799,1,19,Production Technician I,MA,1742,10/15/84,F,Divorced,Eligible NonCitizen,No,Asian,5/16/11,6/4/18,Another position,Voluntarily Terminated,Production       ,Kissy Sullivan,20,Google Search,Fully Meets,3,Fully Meets3,TRUE,3.17,4,0,4/2/18,0,14,3899.92,40.02
"Punjabhi, Louis  ",10225,0,0,1,1,5,0,59472,0,19,Production Technician I,MA,2109,6/19/61,M ,Single,US Citizen,No,White,1/6/14,,N/A-StillEmployed,Active,Production       ,Kelley Spirea,18,Employee Referral,Fully Meets,3,Fully Meets3,TRUE,4.8,3,0,1/7/19,0,14,4956,63.36
"Purinton, Janine",10262,0,2,0,5,5,0,46430,1,19,Production Technician I,MA,2474,9/22/70,F,Divorced,US Citizen,No,White,9/24/12,6/18/13,unhappy,Voluntarily Terminated,Production       ,Kissy Sullivan,20,Indeed,Fully Meets,3,Fully Meets3,TRUE,4.5,5,0,4/2/13,0,16,3869.17,54.09
"Quinn, Sean",10131,1,1,1,5,1,1,83363,1,23,Software Engineer,MA,2045,11/6/84,M ,Married,Eligible NonCitizen,No,Black or African American,2/21/11,8/15/15,career change,Voluntarily Terminated,Software Engineering,Janet King,2,Diversity Job Fair,Fully Meets,3,Fully Meets3,TRUE,4.15,4,0,4/19/14,0,4,6946.92,39.96
"Rachael, Maggie",10239,1,1,0,1,3,0,95920,0,4,BI Developer,MA,2110,5/12/80,F,Married,US Citizen,No,Black or African American,10/2/16,,N/A-StillEmployed,Active,IT/IS,Brian Champaigne,13,Indeed,Fully Meets,3,Fully Meets3,TRUE,4.4,4,6,2/6/19,0,10,7993.33,44.45
"Rarrick, Quinn",10152,0,2,1,5,5,0,61729,1,19,Production Technician I,MA,2478,12/31/84,M ,Divorced,US Citizen,No,White,9/26/11,4/7/18,more money,Voluntarily Terminated,Production       ,Michael Albert,22,Indeed,Fully Meets,3,Fully Meets3,TRUE,3.8,5,0,2/4/18,0,19,5144.08,39.81
"Ren, Kylo",10140,1,1,1,1,6,0,61809,0,3,Area Sales Manager,ID,83706,10/12/54,M ,Married,US Citizen,No,White,5/12/14,,N/A-StillEmployed,Active,Sales,John Smith,17,CareerBuilder,Fully Meets,3,Fully Meets3,TRUE,3.98,3,0,1/28/19,0,4,5150.75,70.05
"Rhoads, Thomas",10058,0,2,1,5,5,0,45115,1,19,Production Technician I,MA,2176,7/22/82,M ,Divorced,US Citizen,Yes,White,5/16/11,1/15/16,retiring,Voluntarily Terminated,Production       ,Elijiah Gray,16,LinkedIn,Fully Meets,3,Fully Meets3,TRUE,5,4,0,3/30/15,0,11,3759.58,42.25
"Rivera, Haley  ",10011,1,1,0,1,5,0,46738,0,19,Production Technician I,MA,2171,1/12/73,F,Married,US Citizen,No,Asian,11/28/11,,N/A-StillEmployed,Active,Production       ,Webster Butler,,Google Search,Exceeds,4,Exceeds4,TRUE,4.36,5,0,2/11/19,0,16,3894.83,51.78
"Roberson, May",10230,0,2,0,5,5,0,64971,1,20,Production Technician II,MA,1902,9/5/81,F,Divorced,Eligible NonCitizen,No,Black or African American,9/26/11,10/22/11,return to school,Voluntarily Terminated,Production       ,David Stanley,14,Google Search,Fully Meets,3,Fully Meets3,TRUE,4.5,4,0,10/22/11,0,10,5414.25,43.13
"Robertson, Peter",10224,1,1,1,5,5,0,55578,1,20,Production Technician II,MA,2138,7/3/72,M ,Married,US Citizen,No,White,7/5/11,2/8/12,Another position,Voluntarily Terminated,Production       ,Kissy Sullivan,20,Indeed,Fully Meets,3,Fully Meets3,TRUE,4.2,5,0,1/6/12,0,13,4631.5,52.31
"Robinson, Alain  ",10047,1,1,1,5,5,0,50428,1,19,Production Technician I,MA,1420,1/7/74,M ,Married,US Citizen,No,Black or African American,1/10/11,1/26/16,attendance,Voluntarily Terminated,Production       ,Amy Dunn,11,Indeed,Fully Meets,3,Fully Meets3,TRUE,5,3,0,1/10/15,0,11,4202.33,50.8
"Robinson, Cherly",10285,1,1,0,4,5,0,61422,1,19,Production Technician I,MA,1460,1/7/85,F,Married,US Citizen,No,White,1/10/11,5/17/16,attendance,Terminated for Cause,Production       ,Ketsia Liebig,19,Indeed,Needs Improvement,2,Needs Improvement2,TRUE,3.6,3,0,4/5/16,4,16,5118.5,39.79
"Robinson, Elias",10020,0,4,1,1,5,0,63353,0,19,Production Technician I,MA,1730,1/28/85,M ,Widowed,US Citizen,No,White,7/8/13,,N/A-StillEmployed,Active,Production       ,Brannon Miller,12,Employee Referral,Exceeds,4,Exceeds4,TRUE,3.6,5,0,2/11/19,0,4,5279.42,39.73
"Roby, Lori ",10162,1,1,0,1,3,0,89883,0,9,Data Analyst,MA,1886,10/11/81,F,Married,US Citizen,No,White,2/16/15,,N/A-StillEmployed,Active,IT/IS,Simon Roup,4,Employee Referral,Fully Meets,3,Fully Meets3,TRUE,3.69,5,6,2/14/19,0,15,7490.25,43.03
"Roehrich, Bianca",10149,0,0,0,5,3,0,120000,1,29,Principal Data Architect,MA,2703,5/27/73,F,Single,US Citizen,Yes,White,1/5/15,11/10/18,Another position,Voluntarily Terminated,IT/IS,Simon Roup,4,LinkedIn,Fully Meets,3,Fully Meets3,TRUE,3.88,3,7,2/13/18,0,12,10000,51.41
"Roper, Katie",10086,0,0,0,1,3,0,150290,0,7,Data Architect,MA,2056,11/21/72,F,Single,US Citizen,No,Black or African American,1/7/17,,N/A-StillEmployed,Active,IT/IS,Brian Champaigne,13,Indeed,Fully Meets,3,Fully Meets3,TRUE,4.94,3,5,2/6/19,0,17,12524.17,51.93
"Rose, Ashley  ",10054,0,3,0,1,5,0,60627,0,19,Production Technician I,MA,1886,12/5/74,F,Separated,US Citizen,No,White,1/6/14,,N/A-StillEmployed,Active,Production       ,David Stanley,14,Website,Fully Meets,3,Fully Meets3,TRUE,5,4,0,1/31/19,0,8,5052.25,49.89
"Rossetti, Bruno",10065,0,0,1,5,5,0,53180,1,19,Production Technician I,MA,2155,3/18/87,M ,Single,US Citizen,No,White,4/4/11,8/13/18,Another position,Voluntarily Terminated,Production       ,Kissy Sullivan,20,Google Search,Fully Meets,3,Fully Meets3,TRUE,5,5,0,7/2/18,0,4,4431.67,37.6
"Roup,Simon",10198,0,0,1,1,3,0,140920,0,13,IT Manager - DB,MA,2481,4/5/73,M ,Single,US Citizen,No,White,1/20/13,,N/A-StillEmployed,Active,IT/IS,Jennifer Zamora,5,Indeed,Fully Meets,3,Fully Meets3,TRUE,3.6,5,7,2/18/19,0,13,11743.33,51.56
"Ruiz, Ricardo",10222,0,2,1,5,3,1,148999,1,13,IT Manager - DB,MA,1915,1/4/64,M ,Divorced,US Citizen,No,Black or African American,1/9/12,11/4/15,hours,Voluntarily Terminated,IT/IS,Jennifer Zamora,5,Diversity Job Fair,Fully Meets,3,Fully Meets3,TRUE,4.3,4,6,1/4/15,0,8,12416.58,60.81
"Saada, Adell",10126,1,1,0,1,4,0,86214,0,24,Software Engineer,MA,2132,7/24/86,F,Married,US Citizen,No,White,11/5/12,,N/A-StillEmployed,Active,Software Engineering,Alex Sweetwater,10,Indeed,Fully Meets,3,Fully Meets3,TRUE,4.2,3,6,2/13/19,0,2,7184.5,38.25
"Saar-Beckles, Melinda",10295,0,0,0,2,5,1,47750,0,19,Production Technician I,MA,1801,6/6/68,F,Single,US Citizen,No,Black or African American,7/4/16,,N/A-StillEmployed,Active,Production       ,Kelley Spirea,18,Diversity Job Fair,Needs Improvement,2,Needs Improvement2,TRUE,2.6,4,0,2/18/19,5,4,3979.17,56.39
"Sadki, Nore  ",10260,0,0,1,5,5,0,46428,1,19,Production Technician I,MA,2148,12/21/74,M ,Single,US Citizen,No,White,1/5/09,7/30/18,relocation out of area,Voluntarily Terminated,Production       ,Michael Albert,22,Google Search,Fully Meets,3,Fully Meets3,TRUE,4.6,5,0,2/5/18,0,7,3869,49.84
"Sahoo, Adil",10233,1,1,1,1,5,0,57975,0,20,Production Technician II,MA,2062,4/26/86,M ,Married,US Citizen,No,White,8/30/10,,N/A-StillEmployed,Active,Production       ,Kelley Spirea,18,CareerBuilder,Fully Meets,3,Fully Meets3,TRUE,4.1,3,0,1/10/19,0,13,4831.25,38.49
"Salter, Jason",10229,0,2,1,5,3,0,88527,1,9,Data Analyst ,MA,2452,12/17/87,M ,Divorced,US Citizen,No,Black or African American,1/5/15,10/31/15,hours,Voluntarily Terminated,IT/IS,Simon Roup,4,LinkedIn,Fully Meets,3,Fully Meets3,TRUE,4.2,3,5,4/20/15,0,2,7377.25,36.85
"Sander, Kamrin",10169,1,1,0,1,5,0,56147,0,19,Production Technician I,MA,2154,7/10/88,F,Married,US Citizen,No,Black or African American,9/29/14,,N/A-StillEmployed,Active,Production       ,Elijiah Gray,16,LinkedIn,Fully Meets,3,Fully Meets3,TRUE,3.51,3,0,2/18/19,0,2,4678.92,36.28
"Sewkumar, Nori",10071,0,0,0,3,5,0,50923,0,19,Production Technician I,MA,2191,3/10/75,F,Single,US Citizen,No,Asian,9/30/13,,N/A-StillEmployed,Active,Production       ,Webster Butler,,Google Search,Fully Meets,3,Fully Meets3,TRUE,5,5,0,2/6/19,0,14,4243.58,49.63
"Shepard, Anita ",10179,1,1,0,1,3,0,50750,0,15,Network Engineer,MA,1773,4/14/81,F,Married,US Citizen,No,White,9/30/14,,N/A-StillEmployed,Active,IT/IS,Peter Monroe,7,LinkedIn,Fully Meets,3,Fully Meets3,TRUE,3.31,3,6,1/7/19,0,7,4229.17,43.53
"Shields, Seffi",10091,1,1,0,1,5,0,52087,0,19,Production Technician I,MA,2149,8/24/85,F,Married,US Citizen,No,White,8/19/13,,N/A-StillEmployed,Active,Production       ,Amy Dunn,11,LinkedIn,Fully Meets,3,Fully Meets3,TRUE,4.81,4,0,2/15/19,0,15,4340.58,39.16
"Simard, Kramer",10178,1,1,1,1,3,0,87826,0,9,Data Analyst,MA,2110,2/8/70,M ,Married,US Citizen,Yes,White,1/5/15,,N/A-StillEmployed,Active,IT/IS,Simon Roup,4,Employee Referral,Fully Meets,3,Fully Meets3,TRUE,3.32,3,7,1/14/19,0,16,7318.83,54.71
"Singh, Nan ",10039,0,0,0,1,1,0,51920,0,2,Administrative Assistant,MA,2330,5/19/88,F,Single,US Citizen,No,White,5/1/15,,N/A-StillEmployed,Active,Admin Offices,Brandon R. LeBlanc,1,Website,Fully Meets,3,Fully Meets3,TRUE,5,3,5,1/15/19,0,2,4326.67,36.42
"Sloan, Constance",10095,0,0,0,5,5,0,63878,1,20,Production Technician II,MA,1851,11/25/87,F,Single,US Citizen,No,White,10/26/09,4/8/15,maternity leave - did not return,Voluntarily Terminated,Production       ,Michael Albert,22,CareerBuilder,Fully Meets,3,Fully Meets3,TRUE,4.68,4,0,4/2/15,0,20,5323.17,36.91
"Smith, Joe",10027,0,0,1,1,5,0,60656,0,20,Production Technician II,MA,2045,10/30/63,M ,Single,US Citizen,No,White,9/29/14,,N/A-StillEmployed,Active,Production       ,Elijiah Gray,16,Indeed,Exceeds,4,Exceeds4,TRUE,4.3,3,0,1/28/19,0,4,5054.67,60.99
"Smith, John",10291,0,2,1,1,6,1,72992,0,21,Sales Manager,MA,1886,8/16/84,M ,Divorced,US Citizen,No,Black or African American,5/18/14,,N/A-StillEmployed,Active,Sales,Debra Houlihan,15,Diversity Job Fair,Needs Improvement,2,Needs Improvement2,TRUE,2.4,4,0,1/16/19,2,16,6082.67,40.18
"Smith, Leigh Ann",10153,1,1,0,5,1,1,55000,1,2,Administrative Assistant,MA,1844,6/14/87,F,Married,US Citizen,No,Black or African American,9/26/11,9/25/13,career change,Voluntarily Terminated,Admin Offices,Brandon R. LeBlanc,1,Diversity Job Fair,Fully Meets,3,Fully Meets3,TRUE,3.8,4,4,8/15/13,0,17,4583.33,37.36
"Smith, Sade",10157,0,0,0,1,5,0,58939,0,19,Production Technician I,MA,2130,2/2/65,F,Single,US Citizen,No,White,11/11/13,,N/A-StillEmployed,Active,Production       ,Ketsia Liebig,19,Employee Referral,Fully Meets,3,Fully Meets3,TRUE,3.73,3,0,1/24/19,0,16,4911.58,59.73
"Soto, Julia ",10119,1,1,0,1,3,0,66593,0,14,IT Support,MA,2360,3/12/73,F,Married,US Citizen,No,Black or African American,6/10/11,,N/A-StillEmployed,Active,IT/IS,Eric Dougall,6,LinkedIn,Fully Meets,3,Fully Meets3,TRUE,4.3,3,5,2/8/19,0,19,5549.42,51.62
"Soze, Keyser",10180,1,1,1,2,3,0,87565,0,28,Sr. Network Engineer,MA,1545,2/9/83,M ,Married,US Citizen,No,Asian,6/30/16,,N/A-StillEmployed,Active,IT/IS,Peter Monroe,7,LinkedIn,Fully Meets,3,Fully Meets3,TRUE,3.27,4,5,1/14/19,0,13,7297.08,41.7
"Sparks, Taylor  ",10302,1,1,0,1,5,0,64021,0,19,Production Technician I,MA,2093,7/20/68,F,Married,US Citizen,No,White,2/20/12,,N/A-StillEmployed,Active,Production       ,Brannon Miller,12,Indeed,PIP,1,PIP1,TRUE,2.4,2,1,2/25/19,6,20,5335.08,56.27
"Spirea, Kelley",10090,1,1,0,1,5,0,65714,0,18,Production Manager,MA,2451,9/30/75,F,Married,US Citizen,No,White,10/2/12,,N/A-StillEmployed,Active,Production       ,Janet King,2,LinkedIn,Fully Meets,3,Fully Meets3,TRUE,4.83,5,0,2/14/19,0,15,5476.17,49.07
"Squatrito, Kristen",10030,0,2,0,5,5,0,62425,1,19,Production Technician I,MA,2359,3/26/73,F,Divorced,US Citizen,No,White,5/13/13,6/29/15,unhappy,Voluntarily Terminated,Production       ,David Stanley,14,LinkedIn,Exceeds,4,Exceeds4,TRUE,4.1,4,0,3/2/15,0,16,5202.08,51.58
"Stanford,Barbara  M",10278,0,2,0,1,5,0,47961,0,19,Production Technician I,MA,2050,8/25/82,F,Divorced,US Citizen,No,Two or more races,1/10/11,,N/A-StillEmployed,Active,Production       ,Kissy Sullivan,20,Google Search,Fully Meets,3,Fully Meets3,TRUE,4.1,4,0,2/7/19,0,9,3996.75,42.16
"Stansfield, Norman",10307,1,1,1,1,6,0,58273,0,3,Area Sales Manager,NV,89139,5/9/74,M ,Married,US Citizen,No,White,5/12/14,,N/A-StillEmployed,Active,Sales,Lynn Daneault,21,Website,PIP,1,PIP1,TRUE,1.81,2,0,1/17/19,3,5,4856.08,50.46
"Steans, Tyrone  ",10147,0,0,1,1,1,0,63003,0,1,Accountant I,MA,2703,9/1/86,M ,Single,US Citizen,No,White,9/29/14,,N/A-StillEmployed,Active,Admin Offices,Brandon R. LeBlanc,1,Indeed,Fully Meets,3,Fully Meets3,TRUE,3.9,5,5,1/18/19,0,9,5250.25,38.14
"Stoica, Rick",10266,1,1,1,1,5,0,61355,0,19,Production Technician I,MA,2301,3/14/85,M ,Married,US Citizen,No,Asian,2/17/14,,N/A-StillEmployed,Active,Production       ,Kelley Spirea,18,LinkedIn,Fully Meets,3,Fully Meets3,TRUE,4.7,3,0,1/11/19,0,4,5112.92,39.61
"Strong, Caitrin",10241,1,1,0,1,6,0,60120,0,3,Area Sales Manager,MT,59102,5/12/89,F,Married,US Citizen,No,Black or African American,9/27/10,,N/A-StillEmployed,Active,Sales,John Smith,17,Indeed,Fully Meets,3,Fully Meets3,TRUE,4.1,4,0,1/31/19,0,18,5010,35.44
"Sullivan, Kissy ",10158,1,1,0,1,5,0,63682,0,18,Production Manager,MA,1776,3/28/78,F,Married,US Citizen,No,Black or African American,1/8/09,,N/A-StillEmployed,Active,Production       ,Janet King,2,Indeed,Fully Meets,3,Fully Meets3,TRUE,3.73,4,0,1/24/19,0,12,5306.83,46.58
"Sullivan, Timothy",10117,1,1,1,1,5,0,63025,0,19,Production Technician I,MA,2747,10/7/82,M ,Married,US Citizen,Yes,White,1/5/15,,N/A-StillEmployed,Active,Production       ,Michael Albert,22,Google Search,Fully Meets,3,Fully Meets3,TRUE,4.36,5,0,1/24/19,0,10,5252.08,42.04
"Sutwell, Barbara",10209,0,0,0,1,5,0,59238,0,19,Production Technician I,MA,2718,8/15/68,F,Single,Eligible NonCitizen,No,Asian,5/14/12,,N/A-StillEmployed,Active,Production       ,Elijiah Gray,16,Indeed,Fully Meets,3,Fully Meets3,TRUE,3.4,5,0,1/31/19,0,13,4936.5,56.2
"Szabo, Andrew",10024,0,0,1,1,4,0,92989,0,24,Software Engineer,MA,2140,5/6/83,M ,Single,US Citizen,No,White,7/7/14,,N/A-StillEmployed,Active,Software Engineering,Alex Sweetwater,10,LinkedIn,Exceeds,4,Exceeds4,TRUE,4.5,5,5,2/18/19,0,1,7749.08,41.47
"Tannen, Biff",10173,1,1,1,1,3,0,90100,0,4,BI Developer,MA,2134,10/24/87,M ,Married,US Citizen,No,White,4/20/17,,N/A-StillEmployed,Active,IT/IS,Brian Champaigne,13,Indeed,Fully Meets,3,Fully Meets3,TRUE,3.4,3,6,1/2/19,0,14,7508.33,36.99
"Tavares, Desiree  ",10221,1,1,0,5,5,1,60754,1,19,Production Technician I,MA,1801,4/3/75,F,Married,Non-Citizen,No,Black or African American,4/27/09,4/1/13,Another position,Voluntarily Terminated,Production       ,Webster Butler,39,Diversity Job Fair,Fully Meets,3,Fully Meets3,TRUE,4.5,5,0,2/15/12,0,11,5062.83,49.56
"Tejeda, Lenora ",10146,1,1,0,5,5,0,72202,1,20,Production Technician II,MA,2129,5/24/53,F,Married,US Citizen,No,White,5/16/11,7/8/17,Another position,Voluntarily Terminated,Production       ,Elijiah Gray,16,Google Search,Fully Meets,3,Fully Meets3,TRUE,3.93,3,0,4/18/17,0,3,6016.83,71.44
"Terry, Sharlene ",10161,0,0,0,1,6,0,58370,0,3,Area Sales Manager,OR,97756,5/7/65,F,Single,US Citizen,No,Black or African American,9/29/14,,N/A-StillEmployed,Active,Sales,Lynn Daneault,21,Indeed,Fully Meets,3,Fully Meets3,TRUE,3.69,3,0,1/28/19,0,18,4864.17,59.47
"Theamstern, Sophia",10141,0,0,0,5,5,0,48413,1,19,Production Technician I,MA,2066,5/9/65,F,Single,US Citizen,No,White,7/5/11,9/5/16,return to school,Voluntarily Terminated,Production       ,Amy Dunn,11,Indeed,Fully Meets,3,Fully Meets3,TRUE,3.98,4,0,3/2/16,0,1,4034.42,59.47
"Thibaud, Kenneth",10268,0,4,1,5,5,0,67176,1,20,Production Technician II,MA,2472,9/16/75,M ,Widowed,US Citizen,No,White,6/25/07,8/30/10,military,Voluntarily Terminated,Production       ,Webster Butler,39,Other,Fully Meets,3,Fully Meets3,TRUE,4.1,4,0,7/14/10,0,15,5598,49.11
"Tippett, Jeanette",10123,0,2,0,1,5,0,56339,0,19,Production Technician I,MA,2093,6/5/67,F,Divorced,US Citizen,No,Black or African American,2/18/13,,N/A-StillEmployed,Active,Production       ,Brannon Miller,12,Indeed,Fully Meets,3,Fully Meets3,TRUE,4.21,5,0,1/14/19,0,4,4694.92,57.39
"Torrence, Jack",10013,0,3,1,1,6,0,64397,0,3,Area Sales Manager,ND,58782,1/15/68,M ,Separated,US Citizen,No,White,1/9/06,,N/A-StillEmployed,Active,Sales,Lynn Daneault,21,Indeed,Exceeds,4,Exceeds4,TRUE,4.1,3,0,1/4/19,0,6,5366.42,56.78
"Trang, Mei",10287,0,0,0,1,5,0,63025,0,19,Production Technician I,MA,2021,5/16/83,F,Single,US Citizen,No,White,2/17/14,,N/A-StillEmployed,Active,Production       ,David Stanley,14,LinkedIn,Needs Improvement,2,Needs Improvement2,TRUE,2.44,5,0,2/11/19,4,18,5252.08,41.44
"Tredinnick, Neville ",10044,1,1,1,5,3,0,75281,1,15,Network Engineer,MA,1420,5/5/88,M ,Married,US Citizen,No,White,1/5/15,2/12/16,medical issues,Voluntarily Terminated,IT/IS,Peter Monroe,7,CareerBuilder,Fully Meets,3,Fully Meets3,TRUE,5,3,5,4/15/15,0,11,6273.42,36.46
"True, Edward",10102,0,0,1,5,4,1,100416,1,24,Software Engineer,MA,2451,6/14/83,M ,Single,Non-Citizen,No,Black or African American,2/18/13,4/15/18,medical issues,Voluntarily Terminated,Software Engineering,Alex Sweetwater,10,Diversity Job Fair,Fully Meets,3,Fully Meets3,TRUE,4.6,3,4,2/12/17,0,9,8368,41.36
"Trzeciak, Cybil",10270,0,0,0,5,5,0,74813,1,20,Production Technician II,MA,1778,3/15/85,F,Single,US Citizen,No,White,1/10/11,7/2/14,unhappy,Voluntarily Terminated,Production       ,Amy Dunn,11,LinkedIn,Fully Meets,3,Fully Meets3,TRUE,4.4,3,0,1/5/14,0,5,6234.42,39.61
"Turpin, Jumil",10045,1,1,1,1,3,0,76029,0,15,Network Engineer,MA,2343,3/31/69,M ,Married,Eligible NonCitizen,No,White,3/30/15,,N/A-StillEmployed,Active,IT/IS,Peter Monroe,7,Employee Referral,Fully Meets,3,Fully Meets3,TRUE,5,4,7,1/14/19,0,8,6335.75,55.57
"Valentin,Jackie",10205,1,1,0,1,6,0,57859,0,3,Area Sales Manager,AZ,85006,5/23/91,F,Married,US Citizen,No,Two or more races,7/5/11,,N/A-StillEmployed,Active,Sales,John Smith,17,Indeed,Fully Meets,3,Fully Meets3,TRUE,2.81,3,0,1/17/19,0,16,4821.58,33.41
"Veera, Abdellah ",10014,0,2,1,5,5,0,58523,1,19,Production Technician I,MA,2171,1/31/87,M ,Divorced,US Citizen,No,White,8/13/12,2/5/16,maternity leave - did not return,Voluntarily Terminated,Production       ,Kissy Sullivan,20,LinkedIn,Exceeds,4,Exceeds4,TRUE,4.5,5,0,2/1/16,0,15,4876.92,37.72
"Vega, Vincent",10144,0,2,1,1,5,0,88976,0,17,Production Manager,MA,2169,10/10/68,M ,Divorced,US Citizen,No,White,8/1/11,,N/A-StillEmployed,Active,Production       ,Janet King,2,Employee Referral,Fully Meets,3,Fully Meets3,TRUE,3.93,3,0,2/27/19,0,19,7414.67,56.04
"Villanueva, Noah",10253,0,0,1,1,6,0,55875,0,3,Area Sales Manager,ME,4063,7/11/89,M ,Single,US Citizen,No,Asian,3/5/12,,N/A-StillEmployed,Active,Sales,John Smith,17,Website,Fully Meets,3,Fully Meets3,TRUE,4.5,4,0,1/18/19,0,11,4656.25,35.28
"Voldemort, Lord",10118,1,1,1,4,3,0,113999,1,8,Database Administrator,MA,1960,8/7/86,M ,Married,US Citizen,No,Black or African American,2/16/15,2/22/17,"no-call, no-show",Terminated for Cause,IT/IS,Simon Roup,4,Employee Referral,Fully Meets,3,Fully Meets3,TRUE,4.33,3,7,2/15/17,0,9,9499.92,38.21
"Volk, Colleen",10022,1,1,0,4,5,0,49773,1,19,Production Technician I,MA,2747,6/3/86,F,Married,US Citizen,No,White,9/26/11,2/8/16,gross misconduct,Terminated for Cause,Production       ,Kelley Spirea,18,Google Search,Exceeds,4,Exceeds4,TRUE,4.3,5,0,2/1/15,0,18,4147.75,38.39
"Von Massenbach, Anna",10183,0,0,0,2,5,0,62068,0,19,Production Technician I,MA,2124,4/6/85,F,Single,US Citizen,No,White,7/5/15,,N/A-StillEmployed,Active,Production       ,Michael Albert,22,LinkedIn,Fully Meets,3,Fully Meets3,TRUE,3.21,3,0,1/29/19,0,7,5172.33,39.55
"Walker, Roger",10190,0,0,1,1,5,0,66541,0,20,Production Technician II,MA,2459,2/10/76,M ,Single,US Citizen,No,Black or African American,8/18/14,,N/A-StillEmployed,Active,Production       ,Ketsia Liebig,19,Employee Referral,Fully Meets,3,Fully Meets3,TRUE,3.11,5,0,2/12/19,0,4,5545.08,48.7
"Wallace, Courtney  E",10274,1,1,0,5,5,1,80512,1,18,Production Manager,MA,2478,11/14/55,F,Married,US Citizen,No,Black or African American,9/26/11,1/2/12,Another position,Voluntarily Terminated,Production       ,Janet King,2,Diversity Job Fair,Fully Meets,3,Fully Meets3,TRUE,4.5,3,0,1/2/12,0,5,6709.33,68.96
"Wallace, Theresa",10293,0,0,0,5,5,0,50274,1,19,Production Technician I,MA,1887,8/2/80,F,Single,US Citizen,No,White,8/13/12,9/1/15,career change,Voluntarily Terminated,Production       ,Elijiah Gray,16,CareerBuilder,Needs Improvement,2,Needs Improvement2,TRUE,2.5,3,0,9/5/14,6,13,4189.5,44.22
"Wang, Charlie",10172,0,0,1,1,3,0,84903,0,22,Senior BI Developer,MA,1887,7/8/81,M ,Single,US Citizen,No,Asian,2/15/17,,N/A-StillEmployed,Active,IT/IS,Brian Champaigne,13,Indeed,Fully Meets,3,Fully Meets3,TRUE,3.42,4,7,1/4/19,0,17,7075.25,43.29
"Warfield, Sarah",10127,0,4,0,1,3,0,107226,0,28,Sr. Network Engineer,MA,2453,5/2/78,F,Widowed,US Citizen,No,Asian,3/30/15,,N/A-StillEmployed,Active,IT/IS,Peter Monroe,7,Employee Referral,Fully Meets,3,Fully Meets3,TRUE,4.2,4,8,2/5/19,0,7,8935.5,46.48
"Whittier, Scott",10072,0,0,1,5,5,0,58371,1,19,Production Technician I,MA,2030,5/24/87,M ,Single,US Citizen,Yes,White,1/10/11,5/15/14,hours,Voluntarily Terminated,Production       ,Webster Butler,39,LinkedIn,Fully Meets,3,Fully Meets3,TRUE,5,5,0,5/15/14,0,11,4864.25,37.41
"Wilber, Barry",10048,1,1,1,5,5,0,55140,1,19,Production Technician I,MA,2324,9/9/65,M ,Married,Eligible NonCitizen,No,White,5/16/11,9/7/15,unhappy,Voluntarily Terminated,Production       ,Amy Dunn,11,Website,Fully Meets,3,Fully Meets3,TRUE,5,3,0,2/15/15,0,7,4595,59.13
"Wilkes, Annie",10204,0,2,0,5,5,0,58062,1,19,Production Technician I,MA,1876,7/30/83,F,Divorced,US Citizen,No,White,1/10/11,5/14/12,Another position,Voluntarily Terminated,Production       ,Ketsia Liebig,19,Google Search,Fully Meets,3,Fully Meets3,TRUE,3.6,5,0,2/6/11,0,9,4838.5,41.23
"Williams, Jacquelyn  ",10264,0,0,0,5,5,1,59728,1,19,Production Technician I,MA,2109,10/2/69,F,Single,US Citizen,Yes,Black or African American,1/9/12,6/27/15,relocation out of area,Voluntarily Terminated,Production       ,Ketsia Liebig,19,Diversity Job Fair,Fully Meets,3,Fully Meets3,TRUE,4.3,4,0,6/2/14,0,16,4977.33,55.07
"Winthrop, Jordan  ",10033,0,0,1,5,5,0,70507,1,20,Production Technician II,MA,2045,11/7/58,M ,Single,US Citizen,No,White,1/7/13,2/21/16,retiring,Voluntarily Terminated,Production       ,Brannon Miller,12,LinkedIn,Exceeds,4,Exceeds4,TRUE,5,3,0,1/19/16,0,7,5875.58,65.98
"Wolk, Hang  T",10174,0,0,0,1,5,0,60446,0,20,Production Technician II,MA,2302,4/20/85,F,Single,US Citizen,No,White,9/29/14,,N/A-StillEmployed,Active,Production       ,David Stanley,14,LinkedIn,Fully Meets,3,Fully Meets3,TRUE,3.4,4,0,2/21/19,0,14,5037.17,39.51
"Woodson, Jason",10135,0,0,1,1,5,0,65893,0,20,Production Technician II,MA,1810,5/11/85,M ,Single,US Citizen,No,White,7/7/14,,N/A-StillEmployed,Active,Production       ,Kissy Sullivan,20,LinkedIn,Fully Meets,3,Fully Meets3,TRUE,4.07,4,0,2/28/19,0,13,5491.08,39.45
"Ybarra, Catherine ",10301,0,0,0,5,5,0,48513,1,19,Production Technician I,MA,2458,5/4/82,F,Single,US Citizen,No,Asian,9/2/08,9/29/15,Another position,Voluntarily Terminated,Production       ,Brannon Miller,12,Google Search,PIP,1,PIP1,TRUE,3.2,2,0,9/2/15,5,4,4042.75,42.47
"Zamora, Jennifer",10010,0,0,0,1,3,0,220450,0,6,CIO,MA,2067,8/30/79,F,Single,US Citizen,No,White,4/10/10,,N/A-StillEmployed,Active,IT/IS,Janet King,2,Employee Referral,Exceeds,4,Exceeds4,TRUE,4.6,5,6,2/21/19,0,16,18370.83,45.15
"Zhou, Julia",10043,0,0,0,1,3,0,89292,0,9,Data Analyst,MA,2148,2/24/79,F,Single,US Citizen,No,White,3/30/15,,N/A-StillEmployed,Active,IT/IS,Simon Roup,4,Employee Referral,Fully Meets,3,Fully Meets3,TRUE,5,3,5,2/1/19,0,11,7441,45.66
"Zima, Colleen",10271,0,4,0,1,5,0,45046,0,19,Production Technician I,MA,1730,8/17/78,F,Widowed,US Citizen,No,Asian,9/29/14,,N/A-StillEmployed,Active,Production       ,David Stanley,14,LinkedIn,Fully Meets,3,Fully Meets3,TRUE,4.5,5,0,1/30/19,0,2,3753.83,46.19